"UniqueID","Branch","Side","BranchTransect","Genus","Sexual","Asexual","LobeLength","LobeWidth","PatchLength","PatchWidth","PatchHeight","Elevation","Slope","SlopeFacing","LatN","LongW","CoastalInland","LobeArea","PatchArea","PatchVolume"
"B1SAHL01",1,"A","1, 2","Heterodermia","N","N",7,0.5,15.5,11.5,7.5,1196,-60,"S",37.68876,122.4374,"C",3.5,178.25,1336.875
"B1SAHL02",1,"A","4, 5, 6, 7, 8","Heterodermia","N","Y",17,1.5,21,35.5,9,1196,-60,"S",37.68876,122.4374,"C",25.5,745.5,6709.5
"B1SAPP01",1,"A","7","Parmotrema","N","N",5,5.5,6.5,7,0.5,1196,-60,"S",37.68876,122.4374,"C",27.5,45.5,22.75
"B1SAPP02",1,"A","8","Parmotrema","N","N",1.5,2,4.5,3.5,0.1,1196,-60,"S",37.68876,122.4374,"C",3,15.75,1.575
"B1SAU_01",1,"A","10","Usnea","N","Y",12,0.5,10,7,10,1196,-60,"S",37.68876,122.4374,"C",6,70,700
"B1SAPP03",1,"A","10","Parmotrema","N","N",4.5,2,4.5,3,0.1,1196,-60,"S",37.68876,122.4374,"C",9,13.5,1.35
"B1SAPP04",1,"A","13","Parmotrema","N","N",5,6,7,6,0.5,1196,-60,"S",37.68876,122.4374,"C",30,42,21
"B1SBPP01",1,"B","3, 4, 5","Parmotrema","N","Y",12,13.5,8,23,5,1196,-60,"S",37.68876,122.4374,"C",162,184,920
"B1SBHL01",1,"B","4, 5","Heterodermia","N","Y",17,2,25.5,34,7,1196,-60,"S",37.68876,122.4374,"C",34,867,6069
"B1SBPP02",1,"B","6, 7","Parmotrema","N","N",3,2.5,10,9,1,1196,-60,"S",37.68876,122.4374,"C",7.5,90,90
"B1SBPP03",1,"B","12","Parmotrema","N","N",2,3,8,7,0.5,1196,-60,"S",37.68876,122.4374,"C",6,56,28
"B2SAPP01",2,"A","2, 3, 4","Parmotrema","N","N",8.5,10,20,19.5,1.5,1194,-70,"SW",37.4119,122.2616,"C",85,390,585
"B2SAPP02",2,"A","5, 6","Parmotrema","N","Y",9,6,16,11.5,3,1194,-70,"SW",37.4119,122.2616,"C",54,184,552
"B2SAHL01",2,"A","5, 6, 7, 8","Heterodermia","N","Y",9,1.5,28,18,9.5,1194,-70,"SW",37.4119,122.2616,"C",13.5,504,4788
"B2SAPP03",2,"A","13","Parmotrema","N","N",2,1,2,1,0.2,1194,-70,"SW",37.4119,122.2616,"C",2,2,0.4
"B2SAPA01",2,"A","15","Physcia","N","N",1,1,6.5,5,0.2,1194,-70,"SW",37.4119,122.2616,"C",1,32.5,6.5
"B2SAPP04",2,"A","17, 18, 19, 20, 21","Parmotrema","N","Y",7,4.5,45,21.5,4,1194,-70,"SW",37.4119,122.2616,"C",31.5,967.5,3870
"B2SAU_01",2,"A","20, 21","Usnea","N","N",8,0.3,17.5,14,8,1194,-70,"SW",37.4119,122.2616,"C",2.4,245,1960
"B2SAPP05",2,"A","22, 23, 24","Parmotrema","N","N",7.5,10,27,17,2.5,1194,-70,"SW",37.4119,122.2616,"C",75,459,1147.5
"B2SAU_02",2,"A","27, 28","Usnea","N","N",19,0.3,11,12.5,9,1194,-70,"SW",37.4119,122.2616,"C",5.7,137.5,1237.5
"B2SAPP06",3,"A","27, 28","Parmotrema","N","N",9,9.5,9.5,11,4.5,1194,-70,"SW",37.4119,122.2616,"C",85.5,104.5,470.25
"B2SAPA02",2,"A","27, 28","Physcia","N","Y",2,1,18.5,9,1,1194,-70,"SW",37.4119,122.2616,"C",2,166.5,166.5
"B2SAHL02",2,"A","29","Heterodermia","N","N",5,1.2,5.5,9,2.5,1194,-70,"SW",37.4119,122.2616,"C",6,49.5,123.75
"B2SAPA03",2,"A","30","Physcia","N","N",0.5,0.5,6.5,5,2,1194,-70,"SW",37.4119,122.2616,"C",0.25,32.5,65
"B2SAPP07",2,"A","31, 32, 33","Parmotrema","N","N",5.5,8,16,14.5,3.5,1194,-70,"SW",37.4119,122.2616,"C",44,232,812
"B2SAPA04",2,"A","36","Physcia","N","N",2.5,0.5,5,4,0.2,1194,-70,"SW",37.4119,122.2616,"C",1.25,20,4
"B2SAPP08",2,"A","37","Parmotrema","N","N",4.5,2.5,6.5,6.5,0.5,1194,-70,"SW",37.4119,122.2616,"C",11.25,42.25,21.125
"B2SAU_03",2,"A","38","Usnea","N","N",5.5,0.3,7.5,8.5,3,1194,-70,"SW",37.4119,122.2616,"C",1.65,63.75,191.25
"B2SBPP01",2,"B","2, 3, 4","Parmotrema","N","Y",7.5,4.5,22.5,19,1,1194,-70,"SW",37.4119,122.2616,"C",33.75,427.5,427.5
"B2SBHL01",2,"B","5, 6, 7, 8","Heterodermia","N","Y",9.5,1,28,22.5,9.5,1194,-70,"SW",37.4119,122.2616,"C",9.5,630,5985
"B2SBPP02",2,"B","8, 9, 10","Parmotrema","N","N",9,4.5,19.5,18.5,2,1194,-70,"SW",37.4119,122.2616,"C",40.5,360.75,721.5
"B2SBMS01",2,"B","20","Melanelixia","N","N",3,2.5,6,5.5,0.5,1194,-70,"SW",37.4119,122.2616,"C",7.5,33,16.5
"B2SBPP03",2,"B","22, 23, 24","Parmotrema","N","N",6,3.5,21.5,21,2.5,1194,-70,"SW",37.4119,122.2616,"C",21,451.5,1128.75
"B2SBPP04",2,"B","26, 27","Parmotrema","N","N",7.5,7,18,15.5,3,1194,-70,"SW",37.4119,122.2616,"C",52.5,279,837
"B2SBPA01",2,"B","28","Physcia","N","Y",3.5,1,8.5,10,1,1194,-70,"SW",37.4119,122.2616,"C",3.5,85,85
"B2SBPP05",2,"B","31","Parmotrema","N","N",8,5,16,19.5,2.5,1194,-70,"SW",37.4119,122.2616,"C",40,312,780
"B2SA.1PP01",2,"A.1","1, 2, 3","Parmotrema","N","N",4.5,6,21.5,13.5,1,1194,-70,"SW",37.4119,122.2616,"C",27,290.25,290.25
"B2SA.1PP02",2,"A.1","5, 6, 7, 8","Parmotrema","N","N",5,5.5,35.5,12,2,1194,-70,"SW",37.4119,122.2616,"C",27.5,426,852
"B2SB.1PP01",2,"B.1","1, 2, 3","Parmotrema","N","N",3.5,5.5,14.5,13.5,1.5,1194,-70,"SW",37.4119,122.2616,"C",19.25,195.75,293.625
"B2SB.1PP02",2,"B.1","4, 5, 6, 7, 8","Parmotrema","N","N",7,4.5,25,8.5,1,1194,-70,"SW",37.4119,122.2616,"C",31.5,212.5,212.5
"B3SAHL01",3,"A","2","Heterodermia","N","Y",7,1.5,6,4.5,0.2,1181,-65,"NW",NA,NA,"C",10.5,27,5.4
"B3SAPP01",3,"A","3","Parmotrema","N","Y",8.5,7,9,10.5,2,1181,-65,"NW",NA,NA,"C",59.5,94.5,189
"B3SAPP02",3,"A","3, 4, 5, 6, 7","Parmotrema","N","Y",13.5,9,45.5,18.5,13,1181,-65,"NW",NA,NA,"C",121.5,841.75,10942.75
"B3SAHL02",3,"A","6, 7","Heterodermia","N","Y",7.5,2,15.5,14,5,1181,-65,"NW",NA,NA,"C",15,217,1085
"B3SAPP03",3,"A","7, 8, 9, 10, 11, 12, 13, 14","Parmotrema","N","Y",6.5,5,39,17,10.5,1181,-65,"NW",NA,NA,"C",32.5,663,6961.5
"B3SA__01",3,"A","9, 10","Flavoparmelia","N","N",6.5,2.5,15,12.5,1,1181,-65,"NW",NA,NA,"C",16.25,187.5,187.5
"B3SAHL03",3,"A","13, 14, 15","Heterodermia","N","Y",14,1,29,20,11,1181,-65,"NW",NA,NA,"C",14,580,6380
"B2SAU_01",3,"A","15, 16, 17","Usnea","N","Y",25,0.7,32,15.5,24.5,1181,-65,"NW",NA,NA,"C",17.5,496,12152
"B3SAPP04",3,"A","16, 17, 18, 19, 20, 21","Parmotrema","N","Y",10.5,5.5,72.5,14,4.5,1181,-65,"NW",NA,NA,"C",57.75,1015,4567.5
"B3SAHL04",3,"A","18, 19","Heterodermia","N","Y",9,0.7,11,23.5,4,1181,-65,"NW",NA,NA,"C",6.3,258.5,1034
"B3SAHL05",3,"A","22, 23, 24","Heterodermia","N","Y",10,1,19,23,7,1181,-65,"NW",NA,NA,"C",10,437,3059
"B3SAPP05",3,"A","22, 23, 24, 25, 26, 27","Parmotrema","N","Y",12.5,9,39,12.5,2,1181,-65,"NW",NA,NA,"C",112.5,487.5,975
"B2SAU_02",3,"A","25, 26","Usnea","N","N",18.5,0.5,14,10.5,4,1181,-65,"NW",NA,NA,"C",9.25,147,588
"B2SARF01",3,"A","26","Ramalina","N","N",6.5,1.5,7.5,10,5.5,1181,-65,"NW",NA,NA,"C",9.75,75,412.5
"B2SAU_03",3,"A","27","Usnea","N","N",13,0.5,10.5,6,3.5,1181,-65,"NW",NA,NA,"C",6.5,63,220.5
"B3SAPP06",3,"A","27, 28, 29","Parmotrema","N","N",5.5,7,29,12,2.5,1181,-65,"NW",NA,NA,"C",38.5,348,870
"B2SAU_04",3,"A","28","Usnea","N","N",6.5,0.2,9,5,6.5,1181,-65,"NW",NA,NA,"C",1.3,45,292.5
"B3SAHL06",4,"A","28","Heterodermia","N","N",4,0.5,3,5,5.5,1181,-65,"NW",NA,NA,"C",2,15,82.5
"B3SAPP07",3,"A","29","Parmotrema","N","N",3.5,2.5,9.5,8.5,0.5,1181,-65,"NW",NA,NA,"C",8.75,80.75,40.375
"B3SAHL07",3,"A","29","Heterodermia","N","N",5,0.5,7,7.5,4,1181,-65,"NW",NA,NA,"C",2.5,52.5,210
"B3SAU_05",3,"A","29, 30","Usnea","N","N",10,0.5,11,8.5,5,1181,-65,"NW",NA,NA,"C",5,93.5,467.5
"B3SBPP01",3,"B","5, 6","Parmotrema","N","Y",7.5,6,14.5,7,5,1181,-65,"NW",NA,NA,"C",45,101.5,507.5
"B3SBPP02",3,"B","6","Parmotrema","N","N",7,4.5,8,4,1,1181,-65,"NW",NA,NA,"C",31.5,32,32
"B3SBPP03",3,"B","7, 8, 9, 10, 11","Parmotrema","N","Y",12.5,7,40.5,23,8,1181,-65,"NW",NA,NA,"C",87.5,931.5,7452
"B3SBHL01",3,"B","10, 11, 12, 13, 14, 15","Heterodermia","N","Y",10.5,0.7,48.5,15.5,8,1181,-65,"NW",NA,NA,"C",7.35,751.75,6014
"B3SBU_01",3,"B","14, 15","Usnea","N","N",13,0.5,16,9.5,13.5,1181,-65,"NW",NA,NA,"C",6.5,152,2052
"B3SBHL02",3,"B","16, 17","Heterodermia","N","Y",11.5,1,9,7,5,1181,-65,"NW",NA,NA,"C",11.5,63,315
"B3SBU_02",3,"B","19, 20","Usnea","N","N",5,0.5,8,10,2.5,1181,-65,"NW",NA,NA,"C",2.5,80,200
"B3SBHL03",1,"B","19","Heterodermia","N","Y",12,0.5,8,7.5,10,1181,-65,"NW",NA,NA,"C",6,60,600
"B3SBHL04",2,"B","20","Heterodermia","N","Y",7.5,0.5,6.5,9,4,1181,-65,"NW",NA,NA,"C",3.75,58.5,234
"B3SBHL05",3,"B","21","Heterodermia","N","Y",8.5,0.7,4,6,2.5,1181,-65,"NW",NA,NA,"C",5.95,24,60
"B3SBPP04",3,"B","22, 23, 24, 25, 26, 27","Parmotrema","N","Y",11,14.5,47,19,7.5,1181,-65,"NW",NA,NA,"C",159.5,893,6697.5
"B3SBU_03",3,"B","22","Usnea","N","N",14,0.5,12,8.5,4,1181,-65,"NW",NA,NA,"C",7,102,408
"B3SBHL06",3,"B","22","Heterodermia","N","Y",11,2,9,11,4.5,1181,-65,"NW",NA,NA,"C",22,99,445.5
"B3SBU_04",3,"B","24, 25, 26","Usnea","N","Y",18,0.5,24.5,15.5,12,1181,-65,"NW",NA,NA,"C",9,379.75,4557
"B3SBRF01",4,"B","27","Ramalina","N","N",8.5,0.5,9,12,1.5,1181,-65,"NW",NA,NA,"C",4.25,108,162
"B3SBU_05",5,"B","27","Usnea","N","N",16,0.2,7.5,4,3.5,1181,-65,"NW",NA,NA,"C",3.2,30,105
"B3SBU_06",3,"B","28, 29, 30, 31","Usnea","N","N",20.5,0.5,38.5,16.5,4.5,1181,-65,"NW",NA,NA,"C",10.25,635.25,2858.625
"B3SBHL07",3,"B","28","Heterodermia","N","N",6,1,10.5,10.5,2.5,1181,-65,"NW",NA,NA,"C",6,110.25,275.625
"B3SBPP05",3,"B","29, 30, 30","Parmotrema","N","N",9.5,7,28,9,2.5,1181,-65,"NW",NA,NA,"C",66.5,252,630
"B4SAPP01",4,"A","1, 2, 3, 4, 5, 6, 7, 8, 9, 10, 11","Parmotrema","N","Y",9.5,10,96,39,2.5,1154,-65,"SW",NA,NA,"C",95,3744,9360
"B4SAU_01",4,"A","2","Usnea","N","N",10,0.3,8,7.5,5,1154,-65,"SW",NA,NA,"C",3,60,300
"B4SAHL01",4,"A","5, 6","Heterodermia","N","Y",16,1,9.5,22,9.5,1154,-65,"SW",NA,NA,"C",16,209,1985.5
"B4SAU_02",4,"A","7, 8 ","Usnea","N","Y",21,0.5,23,9.5,8,1154,-65,"SW",NA,NA,"C",10.5,218.5,1748
"B4SA__01",4,"A","11, 12 ","Pannaria","Y","N",2.5,5,18.5,8.5,1.5,1154,-65,"SW",NA,NA,"C",12.5,157.25,235.875
"B4SAPP02",4,"A","12, 13, 14, 15","Parmotrema","N","Y",10.5,11,32.5,16,5,1154,-65,"SW",NA,NA,"C",115.5,520,2600
"B4SAU_03",4,"A","13, 14, 15","Usnea","N","Y",11.5,1,34,13,19.5,1154,-65,"SW",NA,NA,"C",11.5,442,8619
"B4SAPP03",4,"A","16, 17, 18, 19,  20, 21, 22","Parmotrema","N","Y",6,6.5,57.5,16.5,1.5,1154,-65,"SW",NA,NA,"C",39,948.75,1423.125
"B4SAU_04",4,"A","19, 20","Usnea","N","N",8,0.5,16.5,10.5,10,1154,-65,"SW",NA,NA,"C",4,173.25,1732.5
"B4SA__01",4,"A","23","Pannaria","Y","N",1.5,4,13.5,11.5,0.3,1154,-65,"SW",NA,NA,"C",6,155.25,46.575
"B4SAHL02",4,"A","24","Heterodermia","N","N",5,1,8.5,10,3,1154,-65,"SW",NA,NA,"C",5,85,255
"B4SAU_05",4,"A","24, 25, 26, 27","Usnea","N","Y",21.5,0.5,28.5,17.5,15,1154,-65,"SW",NA,NA,"C",10.75,498.75,7481.25
"B4SAPP04",4,"A","26, 27, 28","Parmotrema","N","N",9.5,8,26.5,10,5.5,1154,-65,"SW",NA,NA,"C",76,265,1457.5
"B4SAPP05",4,"A","35, 36","Parmotrema","N","N",7.5,8.5,18,15.5,4,1154,-65,"SW",NA,NA,"C",63.75,279,1116
"B4SBPP01",4,"B","1, 2, 3, 4, 5","Parmotrema","N","Y",12.5,10.5,39,45.5,4.5,1154,-65,"SW",NA,NA,"C",131.25,1774.5,7985.25
"B4SBRF01",4,"B","2","Ramalina","N","Y",24.5,0.5,9,7.5,3,1154,-65,"SW",NA,NA,"C",12.25,67.5,202.5
"B4SBU_01",4,"B","3, 4","Usnea","N","N",15.5,0.5,13.5,4.5,4.5,1154,-65,"SW",NA,NA,"C",7.75,60.75,273.375
"B4SBU_02",4,"B","2, 3, 4, 5, 6, 7, 8","Usnea","N","Y",69,2,86.5,33.5,22,1154,-65,"SW",NA,NA,"C",138,2897.75,63750.5
"B4SBHL01",4,"B","3, 4, 5","Heterodermia","N","Y",17,2,28.5,18.5,7.5,1154,-65,"SW",NA,NA,"C",34,527.25,3954.375
"B4SBPP02",4,"B","6, 7, 8, 9, 10, 11, 12, 13, 14, 15","Parmotrema","N","N",11.5,8,82.5,37,3.5,1154,-65,"SW",NA,NA,"C",92,3052.5,10683.75
"B4SBHL02",4,"B","8","Heterodermia","N","N",5,0.5,9,8,4,1154,-65,"SW",NA,NA,"C",2.5,72,288
"B4SBHL03",4,"B","10","Heterodermia","N","N",5.5,1.5,5,9.5,4,1154,-65,"SW",NA,NA,"C",8.25,47.5,190
"B4SBU_03",4,"B","11","Usnea","N","N",13,1,18,17.5,7.5,1154,-65,"SW",NA,NA,"C",13,315,2362.5
"B4SB__01",4,"B","11, 12","Pannaria","Y","N",4.5,2.5,17.5,32.5,1.5,1154,-65,"SW",NA,NA,"C",11.25,568.75,853.125
"B4SBRF02",4,"B","11, 12","Ramalina","N","Y",11.5,0.5,9,6.5,3.5,1154,-65,"SW",NA,NA,"C",5.75,58.5,204.75
"B4SBU_04",4,"B","12, 13","Usnea","N","N",11,1,16.5,15,5,1154,-65,"SW",NA,NA,"C",11,247.5,1237.5
"B4SBPP03",4,"B","15, 16, 17, 18","Parmotrema","N","Y",7.5,9,31.5,24,2,1154,-65,"SW",NA,NA,"C",67.5,756,1512
"B4SBHL04",4,"B","16","Heterodermia","N","N",5,1,3.5,10,2,1154,-65,"SW",NA,NA,"C",5,35,70
"B4SBU_05",4,"B","16, 17","Usnea","N","N",14.5,0.5,21,10,4.5,1154,-65,"SW",NA,NA,"C",7.25,210,945
"B4SBPP04",4,"B","18, 19, 20","Parmotrema","N","N",5,6.5,22,9.5,1,1154,-65,"SW",NA,NA,"C",32.5,209,209
"B4SBPP05",4,"B","20, 21, 22","Parmotrema","N","N",6,12.5,26,23,2,1154,-65,"SW",NA,NA,"C",75,598,1196
"B4SBPP06",4,"B","21, 22, 23","Parmotrema","N","N",9.5,8,23,24.5,1,1154,-65,"SW",NA,NA,"C",76,563.5,563.5
"B4SBHL05",4,"B","24","Heterodermia","N","N",5.5,1,7,9.5,0.5,1154,-65,"SW",NA,NA,"C",5.5,66.5,33.25
"B4SBPP07",4,"B","25, 26, 27","Parmotrema","N","N",6.5,7,33.5,7,0.2,1154,-65,"SW",NA,NA,"C",45.5,234.5,46.9
"B4SB__01",4,"B","26","Flavoparmelia","N","N",2.5,3,8,3,0.1,1154,-65,"SW",NA,NA,"C",7.5,24,2.4
"B4SBU_06",4,"B","25, 26, 27","Usnea","N","Y",18.5,0.5,22.5,19.5,14,1154,-65,"SW",NA,NA,"C",9.25,438.75,6142.5
"B4SBHL06",4,"B","27, 28","Heterodermia","N","N",9,1,11.5,11,3,1154,-65,"SW",NA,NA,"C",9,126.5,379.5
"B4SBPP08",4,"B","27, 28, 29","Parmotrema","N","N",5.5,7,20,8.5,2,1154,-65,"SW",NA,NA,"C",38.5,170,340
"B4SBMS01",4,"B","28, 29","Melanelixia","N","N",5,4.5,11,6.5,0.1,1154,-65,"SW",NA,NA,"C",22.5,71.5,7.15
"B4SBU_07",4,"B","33","Usnea","N","N",4.5,0.3,4.5,2,0.5,1154,-65,"SW",NA,NA,"C",1.35,9,4.5
"B4SBTF01",4,"B","33","Teloschistes","N","N",2,0.3,5,4,0.5,1154,-65,"SW",NA,NA,"C",0.6,20,10
"B4SBU_08",4,"B","36, 37","Usnea","N","N",4.5,0.3,7.5,7,3,1154,-65,"SW",NA,NA,"C",1.35,52.5,157.5
"B4SBPP09",4,"B","36, 37, 38","Parmotrema","N","N",7,7,19.5,13,2,1154,-65,"SW",NA,NA,"C",49,253.5,507
"B4SA.1PP01",4,"A.1","1","Parmotrema","N","N",4.5,3,4.5,9,0.5,1154,-65,"SW",NA,NA,"C",13.5,40.5,20.25
"B4SA.1PP02",4,"A.1","2","Parmotrema","N","N",4.5,5.5,8.5,5.5,4,1154,-65,"SW",NA,NA,"C",24.75,46.75,187
"B4SA.1PP03",4,"A.1","3, 4, 5, 6","Parmotrema","N","N",5,5.5,29.5,13,2,1154,-65,"SW",NA,NA,"C",27.5,383.5,767
"B4SA.1__01",4,"A.1","4, 5","Parmelia","N","N",6.5,2,11,12.5,1,1154,-65,"SW",NA,NA,"C",13,137.5,137.5
"B4SA.1U_01",4,"A.1","4, 5, 6","Usnea","N","Y",17,0.5,20.5,11.5,15,1154,-65,"SW",NA,NA,"C",8.5,235.75,3536.25
"B4SA.1U_02",4,"A.1","6, 7, 8","Usnea","N","Y",18,0.5,22.5,13,9.5,1154,-65,"SW",NA,NA,"C",9,292.5,2778.75
"B4SA.1PP04",4,"A.1","8, 9","Parmotrema","N","N",3,2,12,6.5,0.2,1154,-65,"SW",NA,NA,"C",6,78,15.6
"B4SA.1U_03",4,"A.1","9, 10, 11, 12, 13","Usnea","N","Y",33,0.8,51,27,14,1154,-65,"SW",NA,NA,"C",26.4,1377,19278
"B4SA.1PP05",4,"A.1","10, 11","Parmotrema","N","N",6.5,5.5,16,12,0.5,1154,-65,"SW",NA,NA,"C",35.75,192,96
"B4SA.1PP06",4,"A.1","13","Parmotrema","N","N",2,2.5,6,3.5,0.2,1154,-65,"SW",NA,NA,"C",5,21,4.2
"B4SA.1PP07",4,"A.1","14","Parmotrema","N","N",3,2.5,9.5,5.5,0.2,1154,-65,"SW",NA,NA,"C",7.5,52.25,10.45
"B4SA.1PP08",4,"A.1","15","Parmotrema","N","N",2.5,1,3,4.5,0.2,1154,-65,"SW",NA,NA,"C",2.5,13.5,2.7
"B4SB.1PP01",4,"B.1","1, 2","Parmotrema","N","N",8.5,6.5,19.5,7,3.5,1154,-65,"SW",NA,NA,"C",55.25,136.5,477.75
"B4SB.1__01",4,"B.1","3","Parmelia","N","N",2.5,2,7,4,0.1,1154,-65,"SW",NA,NA,"C",5,28,2.8
"B4SB.1__02",4,"B.1","4, 5","Parmelia","N","N",8,2.5,17.5,18.5,0.5,1154,-65,"SW",NA,NA,"C",20,323.75,161.875
"B4SB.1PP02",4,"B.1","7, 8","Parmotrema","N","N",7.5,5,12.5,7,1,1154,-65,"SW",NA,NA,"C",37.5,87.5,87.5
"B4SB.1HL01",4,"B.1","9","Heterodermia","N","Y",9.5,1,5.5,3.5,8,1154,-65,"SW",NA,NA,"C",9.5,19.25,154
"B4SB.1U_01",4,"B.1","8, 9","Usnea","N","Y",14.5,0.3,22.5,14.5,13,1154,-65,"SW",NA,NA,"C",4.35,326.25,4241.25
"B4SB.1U_02",4,"B.1","9, 10, 11, 12, 13","Usnea","N","Y",33,0.5,44,23.5,15,1154,-65,"SW",NA,NA,"C",16.5,1034,15510
"B4SB.1U_03",4,"B.1","11","Usnea","N","N",19.5,0.5,19.5,13,13,1154,-65,"SW",NA,NA,"C",9.75,253.5,3295.5
"B4SB.1PP03",4,"B.1","10","Parmotrema","N","N",4,0.5,6,4.5,0.5,1154,-65,"SW",NA,NA,"C",2,27,13.5
"B5SAPP01",5,"A","1, 2","Parmotrema","N","N",8.5,4.5,12.5,16.5,1.5,1134,-65,"S",37.4117,122.618,"C",38.25,206.25,309.375
"B5SAC_01",5,"A","10","Collema","N","Y",4,4.5,8,9,1,1134,-65,"S",37.4117,122.618,"C",18,72,72
"B5SAPP02",5,"A","14","Parmotrema","N","N",1.5,2.5,3,1.5,0.5,1134,-65,"S",37.4117,122.618,"C",3.75,4.5,2.25
"B5SAHL01",5,"A","14, 15","Heterodermia","N","N",8,1,10,5,8.5,1134,-65,"S",37.4117,122.618,"C",8,50,425
"B5SAPA01",5,"A","22","Physcia","N","N",5.5,0.5,7,5.5,2,1134,-65,"S",37.4117,122.618,"C",2.75,38.5,77
"B5SAHL02",5,"A","24, 25, 26, 27","Heterodermia","N","Y",17.5,2,36.5,23.5,15,1134,-65,"S",37.4117,122.618,"C",35,857.75,12866.25
"B5SBHL01",5,"B","9, 10, 11","Heterodermia","N","N",14,1,30.5,16.5,12,1134,-65,"S",37.4117,122.618,"C",14,503.25,6039
"B5SBPP02",5,"B","12","Parmotrema","N","N",4.5,4,7,7.5,0.5,1134,-65,"S",37.4117,122.618,"C",18,52.5,26.25
"B5SBHL02",5,"B","14","Heterodermia","N","N",5,1,9,8,3,1134,-65,"S",37.4117,122.618,"C",5,72,216
"B5SBU_01",5,"B","20, 21","Usnea","N","N",24,0.5,12,13.5,9.5,1134,-65,"S",37.4117,122.618,"C",12,162,1539
"B5SBPP03",5,"B","22, 23, 24, 25, 26","Parmotrema","N","Y",9,8.5,51,20.5,11.5,1134,-65,"S",37.4117,122.618,"C",76.5,1045.5,12023.25
"B6SAPA01",6,"A","2","Physcia","N","N",4,1,5,5,0.5,1134,-70,"N",37.4117,122.262,"C",4,25,12.5
"B6SATF01",6,"A","5, 6, 7 ","Teloschistes","N","Y",15,1,19,26,9,1134,-70,"N",37.4117,122.262,"C",15,494,4446
"B6SAHL01",6,"A","6","Heterodermia","N","N",5,1.5,5,8,3,1134,-70,"N",37.4117,122.262,"C",7.5,40,120
"B6SAPP01",6,"A","5","Parmotrema","N","N",6.5,5,7.5,9,0.5,1134,-70,"N",37.4117,122.262,"C",32.5,67.5,33.75
"B6SACF01",6,"A","8, 9, 10, 11","Collema","Y","Y",10.5,7,30.5,3.7,3.5,1134,-70,"N",37.4117,122.262,"C",73.5,112.85,394.975
"B6SAHL02",6,"A","10, 11, 12","Heterodermia","N","N",9,1,16.5,14.5,6,1134,-70,"N",37.4117,122.262,"C",9,239.25,1435.5
"B6SAHL03",6,"A","13","Heterodermia","N","N",9,1.5,4.5,12.5,1,1134,-70,"N",37.4117,122.262,"C",13.5,56.25,56.25
"B6SACF02",6,"A","12, 13, 14","Collema","N","Y",10,8,22.5,3.9,1.5,1134,-70,"N",37.4117,122.262,"C",80,87.75,131.625
"B6SAHL04",6,"A","14, 15","Heterodermia","N","Y",15.5,1.5,20,25.5,9.5,1134,-70,"N",37.4117,122.262,"C",23.25,510,4845
"B6SACF03",6,"A","15, 16, 17","Collema","Y","Y",5.5,8.5,17.5,6.5,4.5,1134,-70,"N",37.4117,122.262,"C",46.75,113.75,511.875
"B6SACF04",6,"A","18","Collema","N","Y",4.5,8.5,18,2.1,2.5,1134,-70,"N",37.4117,122.262,"C",38.25,37.8,94.5
"B6SAPA02",6,"A","21","Physcia","N","N",5,1,9.5,5,2.5,1134,-70,"N",37.4117,122.262,"C",5,47.5,118.75
"B6SAPP02",6,"A","24","Parmotrema","N","N",3.5,5.5,6.5,1.2,3,1134,-70,"N",37.4117,122.262,"C",19.25,7.8,23.4
"B6SACF05",6,"A","24, 25, 26, 27","Collema","N","Y",2.5,7,29.5,2.2,2,1134,-70,"N",37.4117,122.262,"C",17.5,64.9,129.8
"B6SAHL05",6,"A","27, 28, 29","Heterodermia","N","N",9,1.5,24.5,1.9,8,1134,-70,"N",37.4117,122.262,"C",13.5,46.55,372.4
"B6SAHL06",6,"A","31","Heterodermia","N","N",7.5,1,19.5,1.71,4.5,1134,-70,"N",37.4117,122.262,"C",7.5,33.345,150.0525
"B6SBCF01",6,"B","1, 2","Collema","N","Y",0.7,0.3,10,1.8,0.5,1134,-70,"N",37.4117,122.262,"C",0.21,18,9
"B6SBU_01",6,"B","1, 2, 3, 4, 5, 6","Usnea","N","Y",19.5,0.5,43.5,21.5,21,1134,-70,"N",37.4117,122.262,"C",9.75,935.25,19640.25
"B6SBHL01",6,"B","1, 2, 3, 4","Heterodermia","N","N",9.5,1,25,18,5.5,1134,-70,"N",37.4117,122.262,"C",9.5,450,2475
"B6SBHL02",6,"B","4, 5","Heterodermia","N","N",11.5,1.5,12.5,29,5.5,1134,-70,"N",37.4117,122.262,"C",17.25,362.5,1993.75
"B6SB__01",6,"B","6","Sticta","N","N",4.5,8,12,1.7,4,1134,-70,"N",37.4117,122.262,"C",36,20.4,81.6
"B6SBCF02",6,"B","5, 6, 7, 8","Collema","N","Y",8,5.5,30.5,33,3.5,1134,-70,"N",37.4117,122.262,"C",44,1006.5,3522.75
"B6SBHL03",6,"B","7","Heterodermia","N","N",7,2,10,7,7,1134,-70,"N",37.4117,122.262,"C",14,70,490
"B6SB__02",6,"B","8","Sticta","N","N",4.5,4.5,9,11.5,4,1134,-70,"N",37.4117,122.262,"C",20.25,103.5,414
"B6SBHL04",6,"B","8, 9","Heterodermia","N","Y",10.5,1.5,13,25.5,12,1134,-70,"N",37.4117,122.262,"C",15.75,331.5,3978
"B6SBHL05",6,"B","10, 11","Heterodermia","N","N",9,1,19,25.5,8.5,1134,-70,"N",37.4117,122.262,"C",9,484.5,4118.25
"B6SBCF03",6,"B","8, 9, 10, 11, 12, 13, 14, 15, 16, 17","Collema","Y","Y",4.5,9.5,91,4.5,2,1134,-70,"N",37.4117,122.262,"C",42.75,409.5,819
"B6SBHL06",6,"B","12","Heterodermia","N","N",12,1,6,18.5,7,1134,-70,"N",37.4117,122.262,"C",12,111,777
"B6SBHL07",6,"B","14, 15, 16, 17","Heterodermia","N","Y",11.5,2,12.5,25,8,1134,-70,"N",37.4117,122.262,"C",23,312.5,2500
"B6SBCF03",6,"B","19, 20","Collema","Y","Y",3,7.5,14.5,1.2,1.5,1134,-70,"N",37.4117,122.262,"C",22.5,17.4,26.1
"B6SBPP01",6,"B","21","Parmotrema","N","N",1.5,3,1.5,3,0.5,1134,-70,"N",37.4117,122.262,"C",4.5,4.5,2.25
"B6SBPP02",6,"B","24, 25","Parmotrema","N","N",8,6.5,10.5,17.5,2.5,1134,-70,"N",37.4117,122.262,"C",52,183.75,459.375
"B6SB__03",6,"B","25, 26","Sticta","N","N",5.5,7.5,6,6.5,5.5,1134,-70,"N",37.4117,122.262,"C",41.25,39,214.5
"B6SBCF04",6,"B","25, 26, 27","Collema","N","Y",5,7,25.5,1.9,2,1134,-70,"N",37.4117,122.262,"C",35,48.45,96.9
"B6SBHL08",6,"B","27, 28,  29 ","Heterodermia","N","Y",9,1.5,27.5,18,4.5,1134,-70,"N",37.4117,122.262,"C",13.5,495,2227.5
"B6SBHL09",6,"B","30, 31, 32","Heterodermia","N","Y",7.5,1,18,15.5,4.5,1134,-70,"N",37.4117,122.262,"C",7.5,279,1255.5
"B6SBU_02",6,"B","32","Usnea","N","N",6,0.1,4,2,1,1134,-70,"N",37.4117,122.262,"C",0.6,8,8
"B6SB.1C_01",6,"B.1","17, 18","Collema","N","Y",5,4.5,13,1.5,1,1134,-70,"N",37.4117,122.262,"C",22.5,19.5,19.5
"B6SB.1UR01",6,"B.1","20, 21","Usnea","N","Y",14.5,0.5,20.5,6.5,9,1134,-70,"N",37.4117,122.262,"C",7.25,133.25,1199.25
"B6SB.1UR02",6,"B.1","22","Usnea","N","N",7.5,0.1,8,5.5,4.5,1134,-70,"N",37.4117,122.262,"C",0.75,44,198
"B7SAU_01",7,"A","1, 2, 3, 4, 5","Usnea","N","Y",34,0.7,35.5,28,9.5,1123,-65,"W",37.4118,122.2624,"C",23.8,994,9443
"B7SAHL01",7,"A","3, 4, 5","Heterodermia","N","Y",15.5,1,25.5,12,6,1123,-65,"W",37.4118,122.2624,"C",15.5,306,1836
"B7SAHL02",7,"A","5, 6, 7, 8, 9, 10","Heterodermia","N","Y",17,1.5,45,33,16.5,1123,-65,"W",37.4118,122.2624,"C",25.5,1485,24502.5
"B7SAHL03",7,"A","11, 12, 13, 14, 15, 16, 17, 18, 19, 20, 21","Heterodermia","N","Y",17.5,2,88.5,26.5,14.5,1123,-65,"W",37.4118,122.2624,"C",35,2345.25,34006.125
"B7SAU_02",7,"A","12","Usnea","N","N",14,0.5,11,6.5,4,1123,-65,"W",37.4118,122.2624,"C",7,71.5,286
"B7SAU_03",7,"A","15","Usnea","N","N",20,0.5,10.5,15.5,7,1123,-65,"W",37.4118,122.2624,"C",10,162.75,1139.25
"B7SAPA01",7,"A","20","Physcia","N","N",3.5,0.5,3,3,0.2,1123,-65,"W",37.4118,122.2624,"C",1.75,9,1.8
"B7SAU_04",7,"A","21","Usnea","N","N",11,0.5,5.5,5.5,1,1123,-65,"W",37.4118,122.2624,"C",5.5,30.25,30.25
"B7SAPP01",7,"A","24","Parmotrema","N","N",3.5,2,6,7,0.3,1123,-65,"W",37.4118,122.2624,"C",7,42,12.6
"B7SAPP02",7,"A","26, 27, 28","Parmotrema","N","N",8.5,6.5,29.5,16,2.5,1123,-65,"W",37.4118,122.2624,"C",55.25,472,1180
"B7SAHL04",7,"A","29","Heterodermia","N","N",5,1,8,9.5,3,1123,-65,"W",37.4118,122.2624,"C",5,76,228
"B7SAHL05",7,"A","31","Heterodermia","N","N",3,1,8.5,5.5,1,1123,-65,"W",37.4118,122.2624,"C",3,46.75,46.75
"B7SBU_01",7,"B","2","Usnea","N","N",12.5,0.2,12.5,3.5,5,1123,-65,"W",37.4118,122.2624,"C",2.5,43.75,218.75
"B7SBU_02",7,"B","2, 3, 4","Usnea","N","Y",29,0.5,26.5,19,5.5,1123,-65,"W",37.4118,122.2624,"C",14.5,503.5,2769.25
"B7SB__01",8,"B","3","Sticta","N","N",1.5,4,3.5,6,1,1123,-65,"W",37.4118,122.2624,"C",6,21,21
"B7SBPP01",7,"B","3, 4","Parmotrema","N","N",3,3.5,21,8.5,0.3,1123,-65,"W",37.4118,122.2624,"C",10.5,178.5,53.55
"B7SBU_03",7,"B","5","Usnea","N","N",12,0.3,8,10,1.5,1123,-65,"W",37.4118,122.2624,"C",3.6,80,120
"B7SBHL01",7,"B","5, 6","Heterodermia","N","Y",13,2,16,9.5,8.5,1123,-65,"W",37.4118,122.2624,"C",26,152,1292
"B7SBHL02",7,"B","7, 8","Heterodermia","N","N",27,1.5,18.5,15,15,1123,-65,"W",37.4118,122.2624,"C",40.5,277.5,4162.5
"B7SBPP02",7,"B","8, 9","Parmotrema","N","N",7.5,13,8.5,3,0.3,1123,-65,"W",37.4118,122.2624,"C",97.5,25.5,7.65
"B7SBHL03",7,"B","8, 9, 10, 11, 12, 13","Heterodermia","N","Y",16,1,47.5,28,10,1123,-65,"W",37.4118,122.2624,"C",16,1330,13300
"B7SBPP03",7,"B","14","Parmotrema","N","N",1.5,3,5.5,9,1,1123,-65,"W",37.4118,122.2624,"C",4.5,49.5,49.5
"B7SBU_04",7,"B","14","Usnea","N","N",20.5,0.7,7,10,7,1123,-65,"W",37.4118,122.2624,"C",14.35,70,490
"B7SBPP04",7,"B","15, 16","Parmotrema","N","Y",5.5,2.5,10.5,7,1.5,1123,-65,"W",37.4118,122.2624,"C",13.75,73.5,110.25
"B7SBPA01",7,"B","15","Physcia","N","N",9,1.5,6,7.5,7,1123,-65,"W",37.4118,122.2624,"C",13.5,45,315
"B7SBHL04",7,"B","17, 18, 19","Heterodermia","N","Y",15,1.5,24.5,22.5,6,1123,-65,"W",37.4118,122.2624,"C",22.5,551.25,3307.5
"B7SBPP05",7,"B","26","Parmotrema","N","N",2,2.5,9,4.5,0.3,1123,-65,"W",37.4118,122.2624,"C",5,40.5,12.15
"B7SBHL05",7,"B","27, 28","Heterodermia","N","N",5.5,1,15.5,13,4,1123,-65,"W",37.4118,122.2624,"C",5.5,201.5,806
"B7SBPP06",7,"B","27, 28, 29","Parmotrema","N","N",5,4.5,25,23.5,2,1123,-65,"W",37.4118,122.2624,"C",22.5,587.5,1175
"B7SBHL06",7,"B","30","Heterodermia","N","N",7,0.7,5.5,8.5,3,1123,-65,"W",37.4118,122.2624,"C",4.9,46.75,140.25
"B7SBHL087",7,"B","32","Heterodermia","N","N",2.5,0.5,8,4.5,0.5,1123,-65,"W",37.4118,122.2624,"C",1.25,36,18
"B7SA.1HL01",7,"A.1","1, 2, 3, 4","Heterodermia","N","Y",11.5,2,26.5,23.5,12,1123,-65,"W",37.4118,122.2624,"C",23,622.75,7473
"B7SA.1HL02",7,"A.1","4, 5, 6, 7, 8","Heterodermia","N","Y",10,1,29,16.5,8.5,1123,-65,"W",37.4118,122.2624,"C",10,478.5,4067.25
"B7SA.1U_01",7,"A.1","5, 6","Usnea","N","N",16.5,0.5,15.5,15.5,9,1123,-65,"W",37.4118,122.2624,"C",8.25,240.25,2162.25
"B7SB.1HL01",7,"B.1","1, 2, 3","Heterodermia","N","Y",10,1.5,12,8,3.5,1123,-65,"W",37.4118,122.2624,"C",15,96,336
"B7SB.1HL02",7,"B.1","3, 4","Heterodermia","N","Y",5,1,30,17,7.5,1123,-65,"W",37.4118,122.2624,"C",5,510,3825
"B7SB.1PP01",7,"B.1","4","Parmotrema","N","N",6,7.5,10.5,10,1,1123,-65,"W",37.4118,122.2624,"C",45,105,105
"B7SB.1HL03",7,"B.1","5, 6","Heterodermia","N","Y",9,1.5,20,17.5,8,1123,-65,"W",37.4118,122.2624,"C",13.5,350,2800
"B8SAU_01",8,"A","5, 6","Usnea","N","Y",8.5,0.5,7.5,10,5.5,1093,-88,"S",37.68835,122.44002,"C",4.25,75,412.5
"B8SAPP01",8,"A","6, 7, 8","Parmotrema","N","N",10.5,9,29,24.5,3.5,1093,-88,"S",37.68835,122.44002,"C",94.5,710.5,2486.75
"B8SAHL01",8,"A","10","Heterodermia","N","N",10,0.5,5,7.5,4.5,1093,-88,"S",37.68835,122.44002,"C",5,37.5,168.75
"B8SAU_02",8,"A","10","Usnea","N","Y",12,0.5,8,9,11,1093,-88,"S",37.68835,122.44002,"C",6,72,792
"B8SAPP02",8,"A","11, 12","Parmotrema","N","N",3.5,4,7.5,5,1,1093,-88,"S",37.68835,122.44002,"C",14,37.5,37.5
"B8SAPP03",8,"A","14, 15","Parmotrema","N","N",6.5,5.5,7,11,1.5,1093,-88,"S",37.68835,122.44002,"C",35.75,77,115.5
"B8SAHL02",8,"A","16, 17","Heterodermia","N","N",10.5,1,23,8,6,1093,-88,"S",37.68835,122.44002,"C",10.5,184,1104
"B8SAU_03",8,"A","14, 15, 16","Usnea","N","Y",21.5,1,29.5,27,24.5,1093,-88,"S",37.68835,122.44002,"C",21.5,796.5,19514.25
"B8SAPP04",8,"A","17, 18 ","Parmotrema","N","N",6,7.5,15,11.5,1.5,1093,-88,"S",37.68835,122.44002,"C",45,172.5,258.75
"B8SAHL03",8,"A","18, 19, 20","Heterodermia","N","Y",15.5,1,30.5,22,7,1093,-88,"S",37.68835,122.44002,"C",15.5,671,4697
"B8SAPP05",8,"A","20, 21, 22","Parmotrema","N","Y",5,4.5,20,11,0.5,1093,-88,"S",37.68835,122.44002,"C",22.5,220,110
"B8SAHL04",8,"A","21, 22","Heterodermia","N","N",15.5,1,9,9,2,1093,-88,"S",37.68835,122.44002,"C",15.5,81,162
"B8SAU_04",8,"A","22, 23","Usnea","N","Y",11,0.3,9,10,5,1093,-88,"S",37.68835,122.44002,"C",3.3,90,450
"B8SAPP06",8,"A","23, 24","Parmotrema","N","Y",8.5,7,14.5,12,2,1093,-88,"S",37.68835,122.44002,"C",59.5,174,348
"B8SAHL05",8,"A","24, 25, 26, 27","Heterodermia","N","Y",13,1.5,22.5,31,10.5,1093,-88,"S",37.68835,122.44002,"C",19.5,697.5,7323.75
"B8SAPP07",8,"A","27, 28","Parmotrema","N","N",7,6.5,10.5,14,1.5,1093,-88,"S",37.68835,122.44002,"C",45.5,147,220.5
"B8SAU_05",8,"A","28","Usnea","N","N",15,0.5,17,16.5,4.5,1093,-88,"S",37.68835,122.44002,"C",7.5,280.5,1262.25
"B8SAHL06",8,"A","28, 29, 30, 31, 32, 33","Heterodermia","N","Y",16.5,1.5,52.5,33.5,12,1093,-88,"S",37.68835,122.44002,"C",24.75,1758.75,21105
"B8SAPP08",8,"A","30, 31, 32","Parmotrema","N","Y",8,7,21,13.5,5.5,1093,-88,"S",37.68835,122.44002,"C",56,283.5,1559.25
"B8SAPP09",8,"A","33","Parmotrema","N","N",6,4,7,6,1.5,1093,-88,"S",37.68835,122.44002,"C",24,42,63
"B8SAU_06",8,"A","33","Usnea","N","N",5.5,0.2,14,7.5,5,1093,-88,"S",37.68835,122.44002,"C",1.1,105,525
"B8SAPP10",8,"A","35, 36","Parmotrema","N","N",4.5,3,7,4,2.5,1093,-88,"S",37.68835,122.44002,"C",13.5,28,70
"B8SBU_01",8,"B","5","Usnea","N","N",18.5,0.5,11.5,20,4.5,1093,-88,"S",37.68835,122.44002,"C",9.25,230,1035
"B8SBPP01",8,"B","7, 8, 9, 10","Parmotrema","N","Y",6.5,4,15,12,3,1093,-88,"S",37.68835,122.44002,"C",26,180,540
"B8SBHL01",8,"B","8, 9","Heterodermia","N","Y",22.5,1.5,11,14.5,3.5,1093,-88,"S",37.68835,122.44002,"C",33.75,159.5,558.25
"B8SBU_02",8,"B","9, 10","Usnea","N","Y",11,0.5,17,20.5,10.5,1093,-88,"S",37.68835,122.44002,"C",5.5,348.5,3659.25
"B8SBU_03",8,"B","13","Usnea","N","N",22.5,0.5,18.5,11,13.5,1093,-88,"S",37.68835,122.44002,"C",11.25,203.5,2747.25
"B8SBU_04",8,"B","14","Usnea","N","Y",17.5,0.5,10,10.5,8,1093,-88,"S",37.68835,122.44002,"C",8.75,105,840
"B8SBU_05",8,"B","15","Usnea","N","M",17.5,0.5,9,11.5,9.5,1093,-88,"S",37.68835,122.44002,"C",8.75,103.5,983.25
"B8SBPP02",8,"B","14, 15","Parmotrema","N","N",3,2.5,14,6.5,0.3,1093,-88,"S",37.68835,122.44002,"C",7.5,91,27.3
"B8SBPA01",8,"B","16, 17","Physcia","N","Y",4,1.5,13,10,0.2,1093,-88,"S",37.68835,122.44002,"C",6,130,26
"B8SBHL02",8,"B","18, 19, 20, 21","Heterodermia","N","Y",15,1.5,40,19.5,4,1093,-88,"S",37.68835,122.44002,"C",22.5,780,3120
"B8SBPA02",8,"B","23","Physcia","N","Y",5.5,0.5,5,5.5,0.3,1093,-88,"S",37.68835,122.44002,"C",2.75,27.5,8.25
"B8SBHL03",8,"B","24, 25, 26, 27","Heterodermia","N","Y",21.5,2.5,39.5,25,8,1093,-88,"S",37.68835,122.44002,"C",53.75,987.5,7900
"B8SBPP03",8,"B","27, 28, 29","Parmotrema","N","Y",12.5,8,24.5,21,5,1093,-88,"S",37.68835,122.44002,"C",100,514.5,2572.5
"B8SBPP04",8,"B","30, 31, 32 ","Parmotrema","N","N",10.5,5,26.5,13,3.5,1093,-88,"S",37.68835,122.44002,"C",52.5,344.5,1205.75
"B8SBPP05",8,"B","35","Parmotrema","N","N",4.5,2.5,5,5,0.3,1093,-88,"S",37.68835,122.44002,"C",11.25,25,7.5
"B8SA.1PP01",8,"A.1","1, 2","Parmotrema","N","N",5.5,4,15,16,4,1093,-88,"S",37.68835,122.44002,"C",22,240,960
"B8SA.1U_01",8,"A.1","1, 2, 3, 4","Usnea","N","Y",30,0.5,35.5,29,10,1093,-88,"S",37.68835,122.44002,"C",15,1029.5,10295
"B8SA.1PP02",8,"A.1","3","Parmotrema","N","N",2.5,3,9,6.5,0.5,1093,-88,"S",37.68835,122.44002,"C",7.5,58.5,29.25
"B8SA.1HL01",8,"A.1","4","Heterodermia","N","Y",6.5,1,9,4.5,2.5,1093,-88,"S",37.68835,122.44002,"C",6.5,40.5,101.25
"B8SA.1PP03",8,"A.1","5","Parmotrema","N","N",4.5,2.5,7,8.5,0.5,1093,-88,"S",37.68835,122.44002,"C",11.25,59.5,29.75
"B8SA.1U_02",8,"A.1","3, 4, 5, 6, 7","Usnea","N","Y",38.5,0.7,50.5,33,26.5,1093,-88,"S",37.68835,122.44002,"C",26.95,1666.5,44162.25
"B8SA.1U_03",8,"A.1","8","Usnea","N","N",14.5,0.5,9,17.5,5,1093,-88,"S",37.68835,122.44002,"C",7.25,157.5,787.5
"B8SA.1HL02",8,"A.1","8, 9","Heterodermia","N","N",6,1,4.5,10,3,1093,-88,"S",37.68835,122.44002,"C",6,45,135
"B8SB.1PP01",8,"B.1","2","Parmotrema","N","N",3.5,1.5,3.5,5,1,1093,-88,"S",37.68835,122.44002,"C",5.25,17.5,17.5
"B8SB.1U_01",8,"B.1","2, 3, 4","Usnea","N","N",18,0.5,15,22.5,9.5,1093,-88,"S",37.68835,122.44002,"C",9,337.5,3206.25
"B8SB.1PP02",8,"B.1","4","Parmotrema","N","N",4.5,2,9.5,8,2.5,1093,-88,"S",37.68835,122.44002,"C",9,76,190
"B8SB.1PP03",8,"B.1","5","Parmotrema","N","N",2,2,3,4,0.2,1093,-88,"S",37.68835,122.44002,"C",4,12,2.4
"B8SB.1PP04",8,"B.1","7","Parmotrema","N","N",5.5,4,9,7.5,1,1093,-88,"S",37.68835,122.44002,"C",22,67.5,67.5
"B8SB.1PA01",8,"B.1","8, 9","Physcia","N","N",1,1,12.5,10,4,1093,-88,"S",37.68835,122.44002,"C",1,125,500
"B8SB.1HL01",8,"B.1","9","Heterodermia","N","Y",3,0.5,6,5,0.3,1093,-88,"S",37.68835,122.44002,"C",1.5,30,9
"B8SB.1HL02",8,"B.1","10","Heterodermia","N","N",3,1,4.5,4,0.5,1093,-88,"S",37.68835,122.44002,"C",3,18,9
"B8SB.1U_02",8,"B.1","12","Usnea","N","N",5,0.3,6,6.5,2.5,1093,-88,"S",37.68835,122.44002,"C",1.5,39,97.5
"B9SAPP01",9,"A","2","Parmotrema","N","N",5.5,5,7,6,1,1072,-70,"S",37.68831,122.4402,"C",27.5,42,42
"B9SAPP02",9,"A","3","Parmotrema","N","N",8.5,4.5,5,8.5,1,1072,-70,"S",37.68831,122.4402,"C",38.25,42.5,42.5
"B9SAHL01",9,"A","4, 5","Heterodermia","N","Y",6,1,18,18,6.5,1072,-70,"S",37.68831,122.4402,"C",6,324,2106
"B9SAPP03",9,"A","5, 6, 7, 8","Parmotrema","N","N",8.5,8.5,28.5,15,2,1072,-70,"S",37.68831,122.4402,"C",72.25,427.5,855
"B9SAPP04",9,"A","9","Parmotrema","N","N",4,4,4,5.5,0.5,1072,-70,"S",37.68831,122.4402,"C",16,22,11
"B9SAPA01",10,"A","9","Physcia","N","N",1,1,2,4,0.1,1072,-70,"S",37.68831,122.4402,"C",1,8,0.8
"B9SAPP05",9,"A","13","Parmotrema","N","N",4,3.5,6,3.5,0.2,1072,-70,"S",37.68831,122.4402,"C",14,21,4.2
"B9SAPP06",9,"A","18","Physcia","N","N",5,2.5,9.5,8,1,1072,-70,"S",37.68831,122.4402,"C",12.5,76,76
"B9SAHL02",9,"A","19","Heterodermia","N","N",5,3,7.5,5,4.5,1072,-70,"S",37.68831,122.4402,"C",15,37.5,168.75
"B9SAU_01",10,"A","19","Usnea","N","N",8,0.2,12,15,12,1072,-70,"S",37.68831,122.4402,"C",1.6,180,2160
"B9SAU_02",9,"A","20","Usnea","N","N",11.5,0.3,5,11.5,4.5,1072,-70,"S",37.68831,122.4402,"C",3.45,57.5,258.75
"B9SAPA02",10,"A","20","Physcia","N","N",2.5,0.5,4,3.5,0.5,1072,-70,"S",37.68831,122.4402,"C",1.25,14,7
"B9SAHL03",9,"A","21","Heterodermia","N","N",3.5,1,2,3.5,1,1072,-70,"S",37.68831,122.4402,"C",3.5,7,7
"B9SBPA01",9,"B","3","Physcia","N","N",2.5,0.5,3.5,3.5,0.1,1072,-70,"S",37.68831,122.4402,"C",1.25,12.25,1.225
"B9SB__01",9,"B","3, 4, 5","Flavoparmelia","N","N",5.5,5,12.5,10.5,3,1072,-70,"S",37.68831,122.4402,"C",27.5,131.25,393.75
"B9SBHL01",9,"B","4, 5","Heterodermia","N","Y",7,1,18,19,6.5,1072,-70,"S",37.68831,122.4402,"C",7,342,2223
"B9SBPP01",9,"B","5, 6","Parmotrema","N","N",6,2.5,17.5,13,2.5,1072,-70,"S",37.68831,122.4402,"C",15,227.5,568.75
"B9SBPP02",9,"B","7, 8","Parmotrema","N","N",11,6.5,18.5,9,3.5,1072,-70,"S",37.68831,122.4402,"C",71.5,166.5,582.75
"B9SBPP03",9,"B","10","Parmotrema","N","N",4,1,3,7,1,1072,-70,"S",37.68831,122.4402,"C",4,21,21
"B9SBHL02",9,"B","11","Heterodermia","N","N",4,1.5,9,10,3.5,1072,-70,"S",37.68831,122.4402,"C",6,90,315
"B9SBPP04",9,"B","17","Parmotrema","N","N",3,3,7,5,0.3,1072,-70,"S",37.68831,122.4402,"C",9,35,10.5
"B9SBPP05",9,"B","20","Parmotrema","N","N",6,3.5,2,2.5,0.1,1072,-70,"S",37.68831,122.4402,"C",21,5,0.5
"B9SBPP06",9,"B","21","Parmotrema","N","N",3,4,6.5,6,0.3,1072,-70,"S",37.68831,122.4402,"C",12,39,11.7
"B9SBHL03",9,"B","22","Heterodermia","N","N",2.5,0.5,2,2.5,0.1,1072,-70,"S",37.68831,122.4402,"C",1.25,5,0.5
"B9SBU_01",9,"B","22, 23, 24","Usnea","N","N",11,0.5,8,12.5,7,1072,-70,"S",37.68831,122.4402,"C",5.5,100,700
"B9SBPP07",9,"B","23","Parmotrema","N","N",3.5,1,3,2.5,0.2,1072,-70,"S",37.68831,122.4402,"C",3.5,7.5,1.5
"B9SBU_02",9,"B","24","Usnea","N","N",7,0.3,7.5,5.5,10,1072,-70,"S",37.68831,122.4402,"C",2.1,41.25,412.5
"B9SBPP08",9,"B","24, 25","Parmotrema","N","N",5.5,2.5,10,6,1,1072,-70,"S",37.68831,122.4402,"C",13.75,60,60
"B9SBHL04",9,"B","25","Heterodermia","N","N",3,1.5,5.5,7,3.5,1072,-70,"S",37.68831,122.4402,"C",4.5,38.5,134.75
"B9SA.1HL02",9,"A.1","1","Heterodermia","N","N",2,0.5,4,2,0.5,1072,-70,"S",37.68831,122.4402,"C",1,8,4
"B9SA.1U_01",9,"A.1","3, 4","Usnea","N","N",16,0.5,24,19,7.5,1072,-70,"S",37.68831,122.4402,"C",8,456,3420
"B9SA.1PP01",9,"A.1","4, 5","Parmotrema","N","N",3.5,1,10,14.5,1,1072,-70,"S",37.68831,122.4402,"C",3.5,145,145
"B9SB.1PA01",9,"B.1","1","Physcia","N","N",3,0.5,12.5,8,0.3,1072,-70,"S",37.68831,122.4402,"C",1.5,100,30
"B9SB.1U_01",9,"B.1","1","Usnea","N","N",8.5,0.3,9,5,9,1072,-70,"S",37.68831,122.4402,"C",2.55,45,405
"B9SB.1U_02",9,"B.1","2, 3, 4","Usnea","N","N",13.5,0.3,18.5,19,9,1072,-70,"S",37.68831,122.4402,"C",4.05,351.5,3163.5
"B9SB.1PP01",9,"B.1","3","Parmotrema","N","N",3.5,4,9,3.5,0.5,1072,-70,"S",37.68831,122.4402,"C",14,31.5,15.75
"B9SB.1PA02",9,"B.1","4","Physcia","N","N",1.5,0.3,3,3.5,0.1,1072,-70,"S",37.68831,122.4402,"C",0.45,10.5,1.05
"B9SB.1PP02",9,"B.1","4, 5","Parmotrema","N","N",7,8,15,5,1,1072,-70,"S",37.68831,122.4402,"C",56,75,75
"B9SB.1U_03",9,"B.1","6","Usnea","N","N",16.5,0.5,19.5,19,10.5,1072,-70,"S",37.68831,122.4402,"C",8.25,370.5,3890.25
"B10SAPP01",10,"A","1, 2, 3","Parmotrema","N","N",9,8,29.5,30,5.5,1031,NA,"W",37.68921,122.4412,"C",72,885,4867.5
"B10SAPP02",10,"A","4, 5, 6, 7, 8, 9","Parmotrema","N","Y",16,7.5,61.5,38,11.5,1031,NA,"W",37.68921,122.4412,"C",120,2337,26875.5
"B10SAU_01",10,"A","8, 9","Usnea","N","N",17,0.5,19,28.5,12,1031,NA,"W",37.68921,122.4412,"C",8.5,541.5,6498
"B10SAPP03",10,"A","9, 10, 11","Parmotrema","N","Y",12.5,9,34,36.5,7,1031,NA,"W",37.68921,122.4412,"C",112.5,1241,8687
"B10SATF01",10,"A","10, 11","Teloschistes","N","Y",16.5,0.5,12,12.5,8.5,1031,NA,"W",37.68921,122.4412,"C",8.25,150,1275
"B10SAHL01",10,"A","11, 12, 13, 14, 15","Heterodermia","N","Y",18,1.5,44.5,25.5,12,1031,NA,"W",37.68921,122.4412,"C",27,1134.75,13617
"B10SA__01",10,"A","12, 13","Pannaria","Y","N",2.5,2,19.5,18,0.2,1031,NA,"W",37.68921,122.4412,"C",5,351,70.2
"B10SAPP04",10,"A","15, 16, 17","Parmotrema","N","Y",8,11.5,26,51.5,6,1031,NA,"W",37.68921,122.4412,"C",92,1339,8034
"B10SAHL02",10,"A","17, 18","Heterodermia","N","Y",9.5,1,8,20.5,9,1031,NA,"W",37.68921,122.4412,"C",9.5,164,1476
"B10SAPP05",10,"A","18, 19","Parmotrema","N","Y",7,9.5,23.5,28,8.5,1031,NA,"W",37.68921,122.4412,"C",66.5,658,5593
"B10SAHL03",10,"A","19, 20, 21","Heterodermia","N","Y",10,0.5,19.5,15,3,1031,NA,"W",37.68921,122.4412,"C",5,292.5,877.5
"B10SAPP06",10,"A","21, 22","Parmotrema","N","Y",13.5,13,13,16.5,3.5,1031,NA,"W",37.68921,122.4412,"C",175.5,214.5,750.75
"B10SAHL04",10,"A","22, 23, 24","Heterodermia","N","N",7,1,25,16,7.5,1031,NA,"W",37.68921,122.4412,"C",7,400,3000
"B10SAPP07",10,"A","23","Parmotrema","N","N",5.5,5,6,18.5,3.5,1031,NA,"W",37.68921,122.4412,"C",27.5,111,388.5
"B10SAPP08",10,"A","25","Parmotrema","N","N",6,7,6.5,18.5,7,1031,NA,"W",37.68921,122.4412,"C",42,120.25,841.75
"B10SBPP01",10,"B","2, 3, 4, 5, 6, 7, 8, 9, 10, 11, 12, 13","Parmotrema","N","Y",11.5,9.5,101.5,32.5,4.5,1031,NA,"W",37.68921,122.4412,"C",109.25,3298.75,14844.375
"B10SBHL01",10,"B","13","Heterodermia","N","Y",14.5,2,9,31.5,15,1031,NA,"W",37.68921,122.4412,"C",29,283.5,4252.5
"B10SBPP02",10,"B","13, 14, 15, 16, 17, 18, 19, 20, 21, 22, 23","Parmotrema","Y","Y",11,12.5,94.5,26.5,4.5,1031,NA,"W",37.68921,122.4412,"C",137.5,2504.25,11269.125
"B10SBHL02",10,"B","23, 24, 25, 26","Heterodermia","N","Y",5.5,1,27.5,17,5.5,1031,NA,"W",37.68921,122.4412,"C",5.5,467.5,2571.25
"B10SBPP03",10,"B","26, 27, 28","Parmotrema","N","Y",7,9.5,25,10,2.5,1031,NA,"W",37.68921,122.4412,"C",66.5,250,625
"B10SA.1HL01",10,"A.1","1, 2","Heterodermia","N","Y",12,2,13,14.5,9.5,1031,NA,"W",37.68921,122.4412,"C",24,188.5,1790.75
"B10SA.1PP01",10,"A.1","2, 3","Parmotrema","N","N",12,9.5,20,6.5,5,1031,NA,"W",37.68921,122.4412,"C",114,130,650
"B10SA.1HL02",10,"A.1","4","Heterodermia","N","N",4,0.5,14,11.5,2.5,1031,NA,"W",37.68921,122.4412,"C",2,161,402.5
"B10SA.1PP02",10,"A.1","4","Parmotrema","N","N",5.5,3.5,5.5,4,0.5,1031,NA,"W",37.68921,122.4412,"C",19.25,22,11
"B10SA.1HL02",10,"A.1","6","Heterodermia","N","N",6.5,1,7,11.5,7.5,1031,NA,"W",37.68921,122.4412,"C",6.5,80.5,603.75
"B10SA.1PP03",10,"A.1","6","Parmotrema","N","Y",5,5.5,4.5,3.5,0.5,1031,NA,"W",37.68921,122.4412,"C",27.5,15.75,7.875
"B10SB.1PP01",10,"B.1","1","Parmotrema","N","N",9.5,10,11.5,14,3,1031,NA,"W",37.68921,122.4412,"C",95,161,483
"B10SB.1PA01",10,"B.1","2","Physcia","N","N",2.5,0.5,7,4.5,0.5,1031,NA,"W",37.68921,122.4412,"C",1.25,31.5,15.75
"B10SB.1PP02",10,"B.1","2, 3","Parmotrema","N","N",10,12.5,17,8,5.5,1031,NA,"W",37.68921,122.4412,"C",125,136,748
"B10SB.1PA02",10,"B.1","3","Physcia","N","N",1.5,0.3,3.5,1,0.2,1032,NA,"W",37.68921,122.4412,"C",0.45,3.5,0.7
"B10SB.1PP03",10,"B.1","4","Parmotrema","N","N",6,5.5,7,7,1,1031,NA,"W",37.68921,122.4412,"C",33,49,49
"B10SB.1PP04",10,"B.1","5","Parmotrema","N","Y",4,4,6.5,10,0.5,1031,NA,"W",37.68921,122.4412,"C",16,65,32.5
"B11SAPP01",11,"A","1, 2, 3","Parmotrema","N","N",8.5,8.5,22.5,8.5,2,1202,-60,"NW",37.68897,122.43699,"I",72.25,191.25,382.5
"B11SAPP02",11,"A","9, 10, 11, 12, 13, 14, 15, 16, 17,18, 19, 20, 21, 22, 23","Parmotrema","N","Y",10.5,10.5,117.5,24.5,7.5,1202,-60,"NW",37.68897,122.43699,"I",110.25,2878.75,21590.625
"B11SARF01",11,"A","15, 16","Ramalina","N","Y",15,0.5,9,1,7,1202,-60,"NW",37.68897,122.43699,"I",7.5,9,63
"B11SAU_01",11,"A","20","Usnea","N","N",20.5,0.5,11,9,9.5,1202,-60,"NW",37.68897,122.43699,"I",10.25,99,940.5
"B11SAHL01",11,"A","21, 22","Heterodermia","N","Y",8,1,8,15.5,10.5,1202,-60,"NW",37.68897,122.43699,"I",8,124,1302
"B11SAU_02",11,"A","23, 24","Usnea","N","Y",21.5,0.5,21.5,23,12,1202,-60,"NW",37.68897,122.43699,"I",10.75,494.5,5934
"B11SAPP03",11,"A","25, 26, 27, 28, 29","Parmotrema","N","N",8,4,53,6,2.5,1202,-60,"NW",37.68897,122.43699,"I",32,318,795
"B11SAU_03",11,"A","27","Usnea","N","N",6.5,0.3,15,11.5,10,1202,-60,"NW",37.68897,122.43699,"I",1.95,172.5,1725
"B11SAU_04",11,"A","28, 29, 30","Usnea","N","N",16.5,0.5,16,19.5,9,1202,-60,"NW",37.68897,122.43699,"I",8.25,312,2808
"B11SAU_05",11,"A","31, 32, 33","Usnea","N","N",16,0.5,15,19,11,1202,-60,"NW",37.68897,122.43699,"I",8,285,3135
"B11SAPP04",11,"A","32, 33","Parmotrema","N","N",45,5,5.5,13,0.3,1202,-60,"NW",37.68897,122.43699,"I",225,71.5,21.45
"B11SBPP01",11,"B","1, 2, 3","Parmotrema","N","Y",12.5,8,21.5,18.5,5,1202,-60,"NW",37.68897,122.43699,"I",100,397.75,1988.75
"B11SBPP02",11,"B","7, 8","Parmotrema","N","N",6.5,5,19,7.5,0.5,1202,-60,"NW",37.68897,122.43699,"I",32.5,142.5,71.25
"B11SBPP03",11,"B","9, 10, 11, 12, 13, 14, 15, 16, 17, 18, 19, 20, 21, 22, 23","Parmotrema","N","Y",17,9.5,131,21.5,7.5,1202,-60,"NW",37.68897,122.43699,"I",161.5,2816.5,21123.75
"B11SB__01",11,"B","16, 17, 18","Punctelia","N","N",13,4.5,23.5,25,6.5,1202,-60,"NW",37.68897,122.43699,"I",58.5,587.5,3818.75
"B11SBHL01",11,"B","20, 21","Heterodermia","N","Y",7,1.5,10.5,20,9.5,1202,-60,"NW",37.68897,122.43699,"I",10.5,210,1995
"B11SBHL02",11,"B","23","Heterodermia","N","N",9,1.5,6.5,7,4.5,1202,-60,"NW",37.68897,122.43699,"I",13.5,45.5,204.75
"B11SBU_01",11,"B","22, 23","Usnea","N","N",13.5,0.5,21.5,14,7,1202,-60,"NW",37.68897,122.43699,"I",6.75,301,2107
"B11SBU_02",11,"B","24, 25, 26","Usnea","N","Y",25,0.5,24,17.5,6,1202,-60,"NW",37.68897,122.43699,"I",12.5,420,2520
"B11SBPP04",11,"B","25, 26","Parmotrema","N","N",8,5,17,9,2.5,1202,-60,"NW",37.68897,122.43699,"I",40,153,382.5
"B11SBHL02",11,"B","27","Heterodermia","N","N",5.5,1,5.5,3,3,1202,-60,"NW",37.68897,122.43699,"I",5.5,16.5,49.5
"B11SBHL03",11,"B","28","Heterodermia","N","N",5.5,1,5.5,2.5,4,1202,-60,"NW",37.68897,122.43699,"I",5.5,13.75,55
"B11SBU_03",11,"B","30, 31, 32","Usnea","N","N",15.5,0.5,28,23,12,1202,-60,"NW",37.68897,122.43699,"I",7.75,644,7728
"B11SBPP05",11,"B","31, 32","Parmotrema","N","N",7.5,4.5,10.5,9,2.5,1202,-60,"NW",37.68897,122.43699,"I",33.75,94.5,236.25
"B11SA.1__01",11,"A.1","1, 2","Punctelia","N","N",12,7.5,13,16,9,1202,-60,"NW",37.68897,122.43699,"I",90,208,1872
"B11SA.1HL01",11,"A.1","2, 3, 4","Heterodermia","N","Y",10,1,24,13.5,5.5,1202,-60,"NW",37.68897,122.43699,"I",10,324,1782
"B11SA.1__02",11,"A.1","3, 4","Punctelia","N","N",13,4.5,31.5,15,1,1202,-60,"NW",37.68897,122.43699,"I",58.5,472.5,472.5
"B11SB.1__01",11,"B.1","1, 2, 3","Punctelia","N","N",11,4,24.5,18,5.5,1202,-60,"NW",37.68897,122.43699,"I",44,441,2425.5
"B11SB.1PP01",11,"B.1","4","Parmotrema","N","N",5,3.5,15.5,8,2.5,1202,-60,"NW",37.68897,122.43699,"I",17.5,124,310
"B11SBA.1PP02",11,"B.1","5","Parmotrema","N","N",2,2.5,8,5.5,1,1202,-60,"NW",37.68897,122.43699,"I",5,44,44
"B12SAPP01",12,"A","1, 2, 3","Parmotrema","N","N",8.5,8.5,25,19.5,10.5,1194,-50,"NW",37.68919,122.43663,"I",72.25,487.5,5118.75
"B12SAHL01",12,"A","4, 5, 6","Heterodermia","N","Y",10,1.5,26,16,8,1194,-50,"NW",37.68919,122.43663,"I",15,416,3328
"B12SAU_01",12,"A","6","Usnea","N","Y",12.5,0.3,9.5,14,9,1194,-50,"NW",37.68919,122.43663,"I",3.75,133,1197
"B12SAPP02",12,"A","7, 8, 9","Parmotrema","N","Y",10.5,12,29.5,20,7,1194,-50,"NW",37.68919,122.43663,"I",126,590,4130
"B12SARF01",12,"A","9","Ramalina","N","N",9,0.5,8.5,9,3.5,1194,-50,"NW",37.68919,122.43663,"I",4.5,76.5,267.75
"B12SAHL02",12,"A","10, 11, 12, 13","Heterodermia","N","Y",10.5,2,39.5,12.5,7.5,1194,-50,"NW",37.68919,122.43663,"I",21,493.75,3703.125
"B12SAPP03",12,"A","13, 14","Parmotrema","N","N",9,8,16.5,10,3,1194,-50,"NW",37.68919,122.43663,"I",72,165,495
"B12SAU_02",12,"A","14, 15, 16","Usnea","N","N",24,0.5,17,24,12.5,1194,-50,"NW",37.68919,122.43663,"I",12,408,5100
"B12SAPP04",12,"A","15","Parmotrema","N","N",4.5,5,6.5,8,0.5,1194,-50,"NW",37.68919,122.43663,"I",22.5,52,26
"B12SAHL03",12,"A","16","Heterodermia","N","N",9.5,1,18,28.5,11,1194,-50,"NW",37.68919,122.43663,"I",9.5,513,5643
"B12SAU_03",12,"A","17, 18","Usnea","N","N",12,0.5,15.5,10,5.5,1194,-50,"NW",37.68919,122.43663,"I",6,155,852.5
"B12SAPP05",12,"A","18, 19","Parmotrema","N","Y",5,7,18,17,1.5,1194,-50,"NW",37.68919,122.43663,"I",35,306,459
"B12SARF02",12,"A","19","Ramalina","N","N",5,0.5,5,6.5,4,1194,-50,"NW",37.68919,122.43663,"I",2.5,32.5,130
"B12SAPP06",12,"A","19, 20, 21","Parmotrema","N","N",6,5,20.5,6.5,2,1194,-50,"NW",37.68919,122.43663,"I",30,133.25,266.5
"B12SAU_04",12,"A","22, 23","Usnea","N","Y",7.5,0.3,8,13,7.5,1194,-50,"NW",37.68919,122.43663,"I",2.25,104,780
"B12SAHL04",12,"A","23, 24, 25, 26, 27","Heterodermia","N","Y",12,1,40.5,11.5,6.5,1194,-50,"NW",37.68919,122.43663,"I",12,465.75,3027.375
"B12SAPP07",12,"A","24","Parmotrema","N","N",8,4.5,10,12,3.5,1194,-50,"NW",37.68919,122.43663,"I",36,120,420
"B12SARF03",12,"A","25","Ramalina","N","N",7.5,1,3,5.5,4.5,1194,-50,"NW",37.68919,122.43663,"I",7.5,16.5,74.25
"B12SAU_05",12,"A","26","Usnea","N","N",4,0.2,5.5,3,0.2,1194,-50,"NW",37.68919,122.43663,"I",0.8,16.5,3.3
"B12SBPP01",12,"B","2, 3, 4, 5","Parmotrema","N","Y",11,12,33,18.5,10,1194,-50,"NW",37.68919,122.43663,"I",132,610.5,6105
"B12SBU_01",12,"B","2, 3, 4","Usnea","N","N",11.5,0.3,17,13,7.5,1194,-50,"NW",37.68919,122.43663,"I",3.45,221,1657.5
"B12SBHL01",12,"B","4, 5, 6, 7","Heterodermia","N","Y",9,1.5,24.5,23,9.5,1194,-50,"NW",37.68919,122.43663,"I",13.5,563.5,5353.25
"B12SBPP02",12,"B","7, 8, 9, 10, 11","Parmotrema","N","Y",8,8.5,47.5,18,5.5,1194,-50,"NW",37.68919,122.43663,"I",68,855,4702.5
"B12SBU_02",12,"B","9, 10, 11","Usnea","N","N",11,0.3,24,12.5,7,1194,-50,"NW",37.68919,122.43663,"I",3.3,300,2100
"B12SBHL02",12,"B","11, 12, 13","Heterodermia","N","N",11.5,1,17,20.5,6,1194,-50,"NW",37.68919,122.43663,"I",11.5,348.5,2091
"B12SBU_03",12,"B","13, 14","Usnea","N","N",17.5,0.5,14.5,19,10,1194,-50,"NW",37.68919,122.43663,"I",8.75,275.5,2755
"B12SBPP03",12,"B","13, 14","Parmotrema","N","Y",5.5,8,12,13,6,1194,-50,"NW",37.68919,122.43663,"I",44,156,936
"B12SBHL03",12,"B","14","Heterodermia","N","Y",15,2,6,22.5,6.5,1194,-50,"NW",37.68919,122.43663,"I",30,135,877.5
"B12SBU_04",12,"B","14, 15, 16","Usnea","N","N",17,0.5,22,25,11,1194,-50,"NW",37.68919,122.43663,"I",8.5,550,6050
"B12SBHL04",12,"B","16","Physcia","N","N",3,1,3.5,5,1.5,1194,-50,"NW",37.68919,122.43663,"I",3,17.5,26.25
"B12SBU_05",12,"B","17","Usnea","N","N",16.5,0.3,15,15.5,8,1194,-50,"NW",37.68919,122.43663,"I",4.95,232.5,1860
"B12SBPP04",12,"B","17, 18, 19","Parmotrema","N","N",7,5,20.5,14,2.5,1194,-50,"NW",37.68919,122.43663,"I",35,287,717.5
"B12SBHL05",12,"B","17, 18","Heterodermia","N","Y",14.5,1,19.5,21,7,1194,-50,"NW",37.68919,122.43663,"I",14.5,409.5,2866.5
"B12SBRF01",12,"B","19, 20","Ramalina","N","N",5.5,0.5,9.5,10,6,1194,-50,"NW",37.68919,122.43663,"I",2.75,95,570
"B12SBHL06",12,"B","20","Heterodermia","N","N",7,1,10.5,11,2.5,1194,-50,"NW",37.68919,122.43663,"I",7,115.5,288.75
"B12SBPP05",12,"B","21, 22, 23, 24, 25, 26, 27","Parmotrema","N","Y",9,4.5,74.5,13,5.5,1194,-50,"NW",37.68919,122.43663,"I",40.5,968.5,5326.75
"B12SBU_06",12,"B","22, 23, 24","Usnea","N","N",15.5,0.3,17,18.5,10.5,1194,-50,"NW",37.68919,122.43663,"I",4.65,314.5,3302.25
"B12SBHL07",12,"B","26","Heterodermia","N","N",4,1,11,15.5,7.5,1194,-50,"NW",37.68919,122.43663,"I",4,170.5,1278.75
"B12SA.1P_01",12,"A.1","1, 2, 3, 4","Parmotrema","N","N",7.5,10,25,9.5,2,1194,-50,"NW",37.68919,122.43663,"I",75,237.5,475
"B12SA.1P_02",12,"A.1","4","Parmotrema","N","N",6,4,7,4.5,0.5,1194,-50,"NW",37.68919,122.43663,"I",24,31.5,15.75
"B12SA.1UR01",12,"A.1","5","Usnea","N","N",8,0.3,7.5,9,1.5,1194,-50,"NW",37.68919,122.43663,"I",2.4,67.5,101.25
"B12SA.1HL01",12,"A.1","6, 7, 8","Heterodermia","N","N",6,1,21,5,3,1194,-50,"NW",37.68919,122.43663,"I",6,105,315
"B12SA.1P_00",12,"A.1","7","Parmotrema","N","N",2,4.5,4.5,3,0.2,1194,-50,"NW",37.68919,122.43663,"I",9,13.5,2.7
"B12SA.1HL02",12,"A.1","10, 11","Heterodermia","N","N",2,1,11.5,3.5,3.5,1194,-50,"NW",37.68919,122.43663,"I",2,40.25,140.875
"B12SB.1P_01",12,"B.1","1, 2, 3, 4, 5, 6","Parmotrema","N","N",5,6,53.5,6,3.5,1194,-50,"NW",37.68919,122.43663,"I",30,321,1123.5
"B12SB.1HL01",12,"B.1","3, 4, 5","Heterodermia","N","N",8,1.5,13,3.5,2,1194,-50,"NW",37.68919,122.43663,"I",12,45.5,91
"B12SB.1HL02",12,"B.1","9, 10","Heterodermia","N","N",3,0.5,13.5,2.5,0.2,1194,-50,"NW",37.68919,122.43663,"I",1.5,33.75,6.75
"B13SAPP01",13,"A","1, 2","Parmotrema","N","N",15.5,11.5,11,9.5,19,1184,-60,"NW",37.6894,122.43619,"I",178.25,104.5,1985.5
"B13SAPP02",13,"A","2, 3, 4","Parmotrema","N","Y",17,10.5,61.5,22.5,17.5,1184,-60,"NW",37.6894,122.43619,"I",178.5,1383.75,24215.625
"B13SAHL01",13,"A","5","Heterodermia","N","Y",10.5,0.7,13,4.5,9,1184,-60,"NW",37.6894,122.43619,"I",7.35,58.5,526.5
"B13SAPP03",13,"A","6, 7","Parmotrema","Y","Y",8,8.5,23.5,12.5,5.5,1184,-60,"NW",37.6894,122.43619,"I",68,293.75,1615.625
"B13SAPP04",13,"A","9","Parmotrema","N","Y",10,14.5,9.5,5,6.5,1184,-60,"NW",37.6894,122.43619,"I",145,47.5,308.75
"B13SAPP05",13,"A","13, 14","Parmotrema","N","Y",3.5,3.5,9,5.5,3.5,1184,-60,"NW",37.6894,122.43619,"I",12.25,49.5,173.25
"B13SAHL02",13,"A","15, 16, 17","Heterodermia","N","Y",15,1.5,24.5,23.5,6.5,1184,-60,"NW",37.6894,122.43619,"I",22.5,575.75,3742.375
"B13SAPP06",13,"A","18, 19","Parmotrema","N","N",8,4,11.5,12,2.5,1184,-60,"NW",37.6894,122.43619,"I",32,138,345
"B13SAU_01",13,"A","18","Usnea","N","Y",17.5,0.5,7,11,2,1184,-60,"NW",37.6894,122.43619,"I",8.75,77,154
"B13SAHL03",13,"A","19, 20","Heterodermia","N","Y",9.5,1.5,14.5,6,6.5,1184,-60,"NW",37.6894,122.43619,"I",14.25,87,565.5
"B13SAPP07",13,"A","20, 21, 22","Parmotrema","N","N",6.5,3.5,17,11,1.5,1184,-60,"NW",37.6894,122.43619,"I",22.75,187,280.5
"B13SAU_02",13,"A","24, 25","Usnea","N","N",12,0.5,12,8,9.5,1184,-60,"NW",37.6894,122.43619,"I",6,96,912
"B13SAHL04",13,"A","26","Heterodermia","N","N",8,1,9,9,4,1184,-60,"NW",37.6894,122.43619,"I",8,81,324
"B13SAPP08",13,"A","28","Parmotrema","N","N",1,1.5,3.5,4,0.2,1184,-60,"NW",37.6894,122.43619,"I",1.5,14,2.8
"B13SAU_03",13,"A","27, 28, 29","Usnea","N","N",22,1,21.5,23,14.5,1184,-60,"NW",37.6894,122.43619,"I",22,494.5,7170.25
"B13SAU_04",13,"A","30, 31","Usnea","N","N",16.5,0.5,19.5,17.5,14,1184,-60,"NW",37.6894,122.43619,"I",8.25,341.25,4777.5
"B13SBPP01",13,"B","1","Parmotrema","N","N",7.5,4.5,11,7.5,0.5,1184,-60,"NW",37.6894,122.43619,"I",33.75,82.5,41.25
"B13SBPP02",13,"B","2, 3, 4, 5","Parmotrema","N","Y",13,14.5,38.5,20.5,2,1184,-60,"NW",37.6894,122.43619,"I",188.5,789.25,1578.5
"B13SBHL01",13,"B","6","Heterodermia","N","N",13.5,0.5,10,13.5,13,1184,-60,"NW",37.6894,122.43619,"I",6.75,135,1755
"B13SBPP03",13,"B","7, 8","Parmotrema","N","N",9.5,5,9,5,0.5,1184,-60,"NW",37.6894,122.43619,"I",47.5,45,22.5
"B13SBPP04",13,"B","10, 11, 12, 13","Parmotrema","N","Y",7.5,5,35.5,8,3,1184,-60,"NW",37.6894,122.43619,"I",37.5,284,852
"B13SBU_01",13,"B","15","Usnea","N","Y",19,0.5,11.5,5.5,10,1184,-60,"NW",37.6894,122.43619,"I",9.5,63.25,632.5
"B13SBHL02",13,"B","13, 14, 15","Heterodermia","N","Y",11.5,1,28.5,19,7,1184,-60,"NW",37.6894,122.43619,"I",11.5,541.5,3790.5
"B13SBU_02",13,"B","19","Usnea","N","N",4.5,0.3,9,6.5,2.5,1184,-60,"NW",37.6894,122.43619,"I",1.35,58.5,146.25
"B13SBPP05",13,"B","15, 16, 17, 18, 19, 20, 21, 22","Parmotrema","N","Y",8.5,9,77,13.5,4,1184,-60,"NW",37.6894,122.43619,"I",76.5,1039.5,4158
"B13SBU_03",13,"B","24, 25, 26","Usnea","N","N",16.5,0.5,18.5,22,19,1184,-60,"NW",37.6894,122.43619,"I",8.25,407,7733
"B13SBPP06",13,"B","25, 26, 27, 28, 29","Parmotrema","N","N",5,2.5,39,6,0.5,1184,-60,"NW",37.6894,122.43619,"I",12.5,234,117
"B13SBU_04",13,"B","26, 27","Usnea","N","N",16,0.5,13,12.5,12,1184,-60,"NW",37.6894,122.43619,"I",8,162.5,1950
"B13SBU_05",13,"B","29, 30","Usnea","N","N",4,0.2,11.5,11.5,1,1184,-60,"NW",37.6894,122.43619,"I",0.8,132.25,132.25
"B13SA.1PP01",13,"A.1","1, 2, 3, 4","Parmotrema","N","N",13.5,10,26.5,11,3,1184,-60,"NW",37.6894,122.43619,"I",135,291.5,874.5
"B13SB.1PP02",13,"B.1","1, 2, 3","Parmotrema","N","N",7,5.5,19,10.5,2,1184,-60,"NW",37.6894,122.43619,"I",38.5,199.5,399
"B14SAPP01",14,"A","1, 2, 3, 4","Parmotrema","N","N",7.5,7,32.5,10.5,2.5,1169,-78,"E",37.68964,122.43595,"I",52.5,341.25,853.125
"B14SAHL01",14,"A","3, 4","Heterodermia","N","N",8,1,5.5,10.5,7.5,1169,-78,"E",37.68964,122.43595,"I",8,57.75,433.125
"B14SAU_01",14,"A","2, 3, 4","Usnea","N","Y",20,0.5,25,31.5,14,1169,-78,"E",37.68964,122.43595,"I",10,787.5,11025
"B14SATF01",14,"A","4, 5, 6, 7, 8","Teloschistes","N","Y",31,1,36,48,21.5,1169,-78,"E",37.68964,122.43595,"I",31,1728,37152
"B14SAU_02",15,"A","7","Usnea","N","N",17.5,0.5,11,12.5,11.5,1169,-78,"E",37.68964,122.43595,"I",8.75,137.5,1581.25
"B14SAPP02",14,"A","8, 9, 10","Parmotrema","N","Y",10,7.5,23,17,2.5,1169,-78,"E",37.68964,122.43595,"I",75,391,977.5
"B14SAU_03",14,"A","8, 9, 10","Usnea","N","N",25.5,0.5,22.5,17.5,14,1169,-78,"E",37.68964,122.43595,"I",12.75,393.75,5512.5
"B14SAU_04",14,"A","12, 13","Usnea","N","N",11,0.3,8.5,11.5,13,1169,-78,"E",37.68964,122.43595,"I",3.3,97.75,1270.75
"B14SAPA01",14,"A","14","Physcia","N","N",2,0.5,2,1.5,0.1,1169,-78,"E",37.68964,122.43595,"I",1,3,0.3
"B14SAU_05",14,"A","18","Usnea","N","N",9.5,0.3,6,6.5,3.5,1169,-78,"E",37.68964,122.43595,"I",2.85,39,136.5
"B14SAPP02",14,"A","21, 22, 23","Parmotrema","N","N",6.5,1.5,14.5,8.5,1,1169,-78,"E",37.68964,122.43595,"I",9.75,123.25,123.25
"B14SAU_06",14,"A","24","Usnea","N","N",5,0.2,6.5,4,3.5,1169,-78,"E",37.68964,122.43595,"I",1,26,91
"B14SBPP01",14,"B","2, 3, 4, 5","Parmotrema","N","N",8,8.5,31.5,9,5.5,1169,-78,"E",37.68964,122.43595,"I",68,283.5,1559.25
"B14SB__01",14,"B","3, 4","Sticta","N","N",9,12,13,14.5,6.5,1169,-78,"E",37.68964,122.43595,"I",108,188.5,1225.25
"B14SBTF01",14,"B","4, 5, 6","Teloschistes","N","Y",25,0.5,18.5,26,16,1169,-78,"E",37.68964,122.43595,"I",12.5,481,7696
"B14SBU_01",14,"B","4, 5, 6","Usnea","N","Y",27.5,0.5,24.5,19,10.5,1169,-78,"E",37.68964,122.43595,"I",13.75,465.5,4887.75
"B14SBPP02",14,"B","5, 6","Parmotrema","N","N",8,5.5,11.5,8.5,1,1169,-78,"E",37.68964,122.43595,"I",44,97.75,97.75
"B14SBPP03",14,"B","7","Parmotrema","N","N",4,3.5,5,7,1,1169,-78,"E",37.68964,122.43595,"I",14,35,35
"B14SBPP04",14,"B","8, 9","Parmotrema","N","N",8.5,5.5,9,8,1.5,1169,-78,"E",37.68964,122.43595,"I",46.75,72,108
"B14SBHL01",14,"B","9","Heterodermia","N","N",3,1,3.5,2,1,1169,-78,"E",37.68964,122.43595,"I",3,7,7
"B14SBHL02",14,"B","10","Heterodermia","N","N",5.5,1,7,10.5,4,1169,-78,"E",37.68964,122.43595,"I",5.5,73.5,294
"B14SBHL03",14,"B","11","Heterodermia","N","N",1.5,2,2.5,5,1,1169,-78,"E",37.68964,122.43595,"I",3,12.5,12.5
"B14SBU_02",14,"B","23","Usnea","N","N",3.5,0.2,4.5,2,0.5,1169,-78,"E",37.68964,122.43595,"I",0.7,9,4.5
"B14SA.1U_01",14,"A.1","1, 2","Usnea","N","N",22,0.5,13,13.5,8,1169,-78,"E",37.68964,122.43595,"I",11,175.5,1404
"B14SA.1U_02",14,"A.1","4, 5","Usnea","N","N",25.5,0.5,19,13.5,5.5,1169,-78,"E",37.68964,122.43595,"I",12.75,256.5,1410.75
"B14SA.1__01",14,"A.1","6","Flavoparmelia","N","N",4,3.5,8,5,0.2,1169,-78,"E",37.68964,122.43595,"I",14,40,8
"B14SB.1U_01",14,"B.1","1, 2","Usnea","N","N",14.5,0.3,5.5,8.5,10.5,1169,-78,"E",37.68964,122.43595,"I",4.35,46.75,490.875
"B14SB.1U_01",14,"B.1","3","Usnea","N","N",11.5,0.5,11.5,13.5,4.5,1169,-78,"E",37.68964,122.43595,"I",5.75,155.25,698.625
"B14SB.1PP01",14,"B.1","5","Parmotrema","N","N",5.5,4,8.5,2.5,0.2,1169,-78,"E",37.68964,122.43595,"I",22,21.25,4.25
"B15SAPP01",15,"A","1, 2, 3","Parmotrema","N","N",8,6,22.5,13,2.5,1165,-75,"S",37.68976,122.43561,"I",48,292.5,731.25
"B15SAPP02",15,"A","4, 5, 6, 7","Parmotrema","N","N",11,6.5,23.5,11.5,2.5,1165,-75,"S",37.68976,122.43561,"I",71.5,270.25,675.625
"B15SAU_01",15,"A","1, 2","Usnea","N","Y",27,0.5,13,9,5.5,1165,-75,"S",37.68976,122.43561,"I",13.5,117,643.5
"B15SAU_02",15,"A","2, 3","Usnea","N","N",24.5,0.5,5.5,9,7,1165,-75,"S",37.68976,122.43561,"I",12.25,49.5,346.5
"B15SAU_03",15,"A","3, 4, 5, 6, 7","Usnea","N","Y",37.5,0.7,36,20.5,7.5,1165,-75,"S",37.68976,122.43561,"I",26.25,738,5535
"B15SAU_04",15,"A","7","Usnea","N","N",11.5,0.5,9.5,4.5,4.5,1165,-75,"S",37.68976,122.43561,"I",5.75,42.75,192.375
"B15SAHL01",15,"A","7, 8","Heterodermia","N","Y",12,1,18.5,23,5.5,1165,-75,"S",37.68976,122.43561,"I",12,425.5,2340.25
"B15SAU_05",15,"A","7, 8, 9","Usnea","N","Y",31,0.5,28,19,11,1165,-75,"S",37.68976,122.43561,"I",15.5,532,5852
"B15SAPP03",15,"A","9","Parmotrema","N","N",7.5,5.5,8,7.5,1.5,1165,-75,"S",37.68976,122.43561,"I",41.25,60,90
"B15SAPP04",15,"A","10, 11","Parmotrema","N","N",7,5.5,6.5,13,2.5,1165,-75,"S",37.68976,122.43561,"I",38.5,84.5,211.25
"B15SAU_06",15,"A","11, 12, 13, 14, 15","Usnea","N","Y",25.5,0.5,44.5,24.5,13.5,1165,-75,"S",37.68976,122.43561,"I",12.75,1090.25,14718.375
"B15SAPP05",15,"A","13, 14","Parmotrema","N","Y",8,8.5,24,13,8,1165,-75,"S",37.68976,122.43561,"I",68,312,2496
"B15SA__01",15,"A","15, 16","Pannaria","Y","N",3,3,18.5,13.5,0.3,1165,-75,"S",37.68976,122.43561,"I",9,249.75,74.925
"B15SAPP06",15,"A","16, 17","Parmotrema","N","Y",9.5,5,11,15.5,4.5,1165,-75,"S",37.68976,122.43561,"I",47.5,170.5,767.25
"B15SAU_07",15,"A","16, 17, 18, 19, 20","Usnea","N","Y",25.5,0.5,17.5,12.5,15.5,1165,-75,"S",37.68976,122.43561,"I",12.75,218.75,3390.625
"B15SAU_08",16,"A","18, 19, 20, 21, 22, 23","Usnea","N","Y",36,0.5,38.5,31.5,7,1165,-75,"S",37.68976,122.43561,"I",18,1212.75,8489.25
"B15SA__01",15,"A","17, 18, 19, 20","Sticta","Y","Y",14.5,14.5,22.5,17,4.5,1165,-75,"S",37.68976,122.43561,"I",210.25,382.5,1721.25
"B15SAPP07",15,"A","20","Parmotrema","N","N",5.5,7,12.5,8,0.5,1165,-75,"S",37.68976,122.43561,"I",38.5,100,50
"B15SAU_09",15,"A","21","Usnea","N","N",10,0.5,8,13.5,4,1165,-75,"S",37.68976,122.43561,"I",5,108,432
"B15SAPP08",15,"A","21, 22","Parmotrema","N","N",5.5,4.5,8.5,7,0.5,1165,-75,"S",37.68976,122.43561,"I",24.75,59.5,29.75
"B15SAU_10",15,"A","23","Usnea","N","N",6,0.5,9,6.5,1.5,1165,-75,"S",37.68976,122.43561,"I",3,58.5,87.75
"B15SAU_11",15,"A","25, 26, 27, 28","Usnea","N","N",17.5,0.5,34.5,13,6.5,1165,-75,"S",37.68976,122.43561,"I",8.75,448.5,2915.25
"B15SARF01",16,"A","25","Ramalina","N","Y",8.5,1,11.5,4,6.5,1165,-75,"S",37.68976,122.43561,"I",8.5,46,299
"B15SAPP09",15,"A","26","Parmotrema","N","N",3,4.5,5,6.5,0.5,1165,-75,"S",37.68976,122.43561,"I",13.5,32.5,16.25
"B15SAHL02",15,"A","27","Heterodermia","N","N",5,1,6.5,5.5,1.5,1165,-75,"S",37.68976,122.43561,"I",5,35.75,53.625
"B15SAPA01",15,"A","28","Physcia","N","N",2.5,0.5,6,4.5,1.5,1165,-75,"S",37.68976,122.43561,"I",1.25,27,40.5
"B15SAPP10",15,"A","29","Parmotrema","N","N",2.5,1.5,7.5,4.5,0.3,1165,-75,"S",37.68976,122.43561,"I",3.75,33.75,10.125
"B15SAU_12",15,"A","27, 28, 29","Usnea","N","N",26.5,0.5,21.5,18,11,1165,-75,"S",37.68976,122.43561,"I",13.25,387,4257
"B15SAPP11",15,"A","30","Parmotrema","N","N",3.5,3,5,6,0.3,1165,-75,"S",37.68976,122.43561,"I",10.5,30,9
"B15SAPP12",15,"A","32","Parmotrema","N","N",2,2,2.5,2,0.2,1165,-75,"S",37.68976,122.43561,"I",4,5,1
"B15SAU_13",15,"A","33","Usnea","N","N",17.5,0.5,11.5,9.5,9.5,1165,-75,"S",37.68976,122.43561,"I",8.75,109.25,1037.875
"B15SBHL01",15,"B","1, 2","Heterodermia","N","Y",8,1,12,15.5,3.5,1165,-75,"S",37.68976,122.43561,"I",8,186,651
"B15SBPP01",15,"B","2, 3, 4","Parmotrema","N","Y",6.5,5.5,18.5,13,4.5,1165,-75,"S",37.68976,122.43561,"I",35.75,240.5,1082.25
"B15SBU_02",15,"B","4, 5","Usnea","N","Y",35.5,0.7,12,23,13.5,1165,-75,"S",37.68976,122.43561,"I",24.85,276,3726
"B15SBHL02",15,"B","6, 7, 8","Heterodermia","N","Y",11.5,1.5,19.5,6.5,6.5,1165,-75,"S",37.68976,122.43561,"I",17.25,126.75,823.875
"B15SBU_03",15,"B","7, 8","Usnea","N","N",28.5,0.5,15,12.5,5.5,1165,-75,"S",37.68976,122.43561,"I",14.25,187.5,1031.25
"B15SBRF01",15,"B","7, 8","Ramalina","N","Y",18.5,1,11,12,5,1165,-75,"S",37.68976,122.43561,"I",18.5,132,660
"B15SBPP02",15,"B","8, 9, 10","Parmotrema","N","Y",9.5,8,22.5,13,4,1165,-75,"S",37.68976,122.43561,"I",76,292.5,1170
"B15SBPP03",15,"B","10, 11, 12, 13","Parmotrema","N","Y",11.5,12.5,49.5,15.5,7.5,1165,-75,"S",37.68976,122.43561,"I",143.75,767.25,5754.375
"B15SBU_04",15,"B","12","Usnea","N","Y",12.5,0.3,8,8.5,6,1165,-75,"S",37.68976,122.43561,"I",3.75,68,408
"B15SBHL03",15,"B","13, 14, 15","Heterodermia","N","Y",17,2,20.5,26.5,11,1165,-75,"S",37.68976,122.43561,"I",34,543.25,5975.75
"B15SBU_05",15,"B","15, 16","Usnea","N","N",8,0.5,8.5,9,4.5,1165,-75,"S",37.68976,122.43561,"I",4,76.5,344.25
"B15SBRF02",16,"B","16","Ramalina","N","Y",18.5,1,6.5,17,9,1165,-75,"S",37.68976,122.43561,"I",18.5,110.5,994.5
"B15SBU_06",15,"B","16, 17, 18, 19","Usnea","N","Y",46.5,1,34,16,9.5,1165,-75,"S",37.68976,122.43561,"I",46.5,544,5168
"B15SBHL04",15,"B","19","Heterodermia","N","N",5.5,1.5,3.5,10,2.5,1165,-75,"S",37.68976,122.43561,"I",8.25,35,87.5
"B15SBPP04",15,"B","19","Parmotrema","N","N",4.5,4,4.5,6,0.5,1165,-75,"S",37.68976,122.43561,"I",18,27,13.5
"B15SBHL05",15,"B","26","Heterodermia","N","N",4,1,5,3,0.5,1165,-75,"S",37.68976,122.43561,"I",4,15,7.5
"B15SBHL06",15,"B","28, 29","Heterodermia","N","N",4,1,12.5,3,1,1165,-75,"S",37.68976,122.43561,"I",4,37.5,37.5
"B15SBU_07",15,"B","29, 30, 31","Usnea","N","N",17.5,0.5,28.5,19,14.5,1165,-75,"S",37.68976,122.43561,"I",8.75,541.5,7851.75
"B15SBPP05",15,"B","33","Parmotrema","N","N",5.5,4.5,12.5,7,0.5,1165,-75,"S",37.68976,122.43561,"I",24.75,87.5,43.75
"B15SBU_08",15,"B","33","Usnea","N","N",13.5,0.5,14,9,9,1165,-75,"S",37.68976,122.43561,"I",6.75,126,1134
"B15SBU_09",15,"B","34, 35","Usnea","N","N",18,0.5,13.5,9,10.5,1165,-75,"S",37.68976,122.43561,"I",9,121.5,1275.75
"B15SA.1HL01",15,"A.1","1","Heterodermia","N","N",5.5,6.5,11.5,8,1.5,1165,-75,"S",37.68976,122.43561,"I",35.75,92,138
"B15SA.1U_01",15,"A.1","1, 2, 3, 4, 5","Usnea","N","Y",27,0.5,47.5,20.5,9.5,1165,-75,"S",37.68976,122.43561,"I",13.5,973.75,9250.625
"B15SA.1HL02",15,"A.1","3","Heterodermia","N","N",3.5,1,14,3.5,2.5,1165,-75,"S",37.68976,122.43561,"I",3.5,49,122.5
"B15SA.1PP01",15,"A.1","4, 5","Parmotrema","N","N",6.5,2.5,19.5,4,1,1165,-75,"S",37.68976,122.43561,"I",16.25,78,78
"B15SA.1U_02",15,"A.1","5, 6","Usnea","N","Y",18.5,0.5,17.5,13.5,8.5,1165,-75,"S",37.68976,122.43561,"I",9.25,236.25,2008.125
"B15SA.1CF01",15,"A.1","7","Collema","Y","N",4.5,4.5,5.5,4.5,0.2,1165,-75,"S",37.68976,122.43561,"I",20.25,24.75,4.95
"B15SA.1U_03",15,"A.1","7, 8, 9","Usnea","N","N",18.5,1,21,25.5,15.5,1165,-75,"S",37.68976,122.43561,"I",18.5,535.5,8300.25
"B15SB.1HL01",15,"B.1","1, 2","Heterodermia","N","N",6.5,1.5,11,11,2.5,1165,-75,"S",37.68976,122.43561,"I",9.75,121,302.5
"B15SB.1PP01",15,"B.1","1, 2, 3","Parmotrema","N","Y",7,6,20.5,8,1,1165,-75,"S",37.68976,122.43561,"I",42,164,164
"B15SB.1U_01",15,"B.1","2, 3","Usnea","N","N",16,0.5,15,12,2.5,1165,-75,"S",37.68976,122.43561,"I",8,180,450
"B15SB.1U_01",15,"B.1","5","Usnea","N","N",11.5,0.5,12,6.5,1.5,1165,-75,"S",37.68976,122.43561,"I",5.75,78,117
"B15SB.1PP02",15,"B.1","6","Parmotrema","N","N",4.5,3,3,3.5,0.5,1165,-75,"S",37.68976,122.43561,"I",13.5,10.5,5.25
"B16SAPP01",16,"A","1, 2, 3, 4, 5","Parmotrema","N","N",13,9.5,42.5,13,8.5,1155,-70,"NE",37.68985,122.4351,"I",123.5,552.5,4696.25
"B16SAHL01",16,"A","2","Heterodermia","N","N",13,1.5,5.5,6,5,1155,-70,"NE",37.68985,122.4351,"I",19.5,33,165
"B16SAPP02",16,"A","6, 7, 8, 9, 10, 11","Parmotrema","?","Y",21,12,58,20.5,9.5,1155,-70,"NE",37.68985,122.4351,"I",252,1189,11295.5
"B16SAHL02",16,"A","11, 12, 13 ","Heterodermia","N","Y",17,1,27,32,8.5,1155,-70,"NE",37.68985,122.4351,"I",17,864,7344
"B16SAPP03",16,"A","14, 15, 16","Parmotrema","N","N",11,5.5,23.5,22,8,1155,-70,"NE",37.68985,122.4351,"I",60.5,517,4136
"B16SAHL03",16,"A","14","Heterodermia","N","N",10.5,1.5,12.5,15,8,1155,-70,"NE",37.68985,122.4351,"I",15.75,187.5,1500
"B16SAU_01",16,"A","18","Usnea","N","N",15.5,0.5,11.5,6,15,1155,-70,"NE",37.68985,122.4351,"I",7.75,69,1035
"B16SAPP04",16,"A","19, 20, 21","Parmotrema","N","Y",9,7,19,11.5,4,1155,-70,"NE",37.68985,122.4351,"I",63,218.5,874
"B16SAU_02",16,"A","22","Usnea","N","Y",15,0.5,10.5,6,8,1155,-70,"NE",37.68985,122.4351,"I",7.5,63,504
"B16SAPP05",16,"A","22, 23, 24, 25, 26, 27, 28, 29","Parmotrema","N","Y",13,11.5,48.5,19.5,10.5,1155,-70,"NE",37.68985,122.4351,"I",149.5,945.75,9930.375
"B16SAPP06",16,"A","30","Parmotrema","N","N",6.5,3.5,10,4,1,1155,-70,"NE",37.68985,122.4351,"I",22.75,40,40
"B16SBPP01",16,"B","3, 4","Parmotrema","N","N",10.5,7.5,16.5,8,2.5,1155,-70,"NE",37.68985,122.4351,"I",78.75,132,330
"B16SBPP02",16,"B","7, 8, 9, 10, 11","Parmotrema","?","Y",14,15.5,42.5,27.5,6.5,1155,-70,"NE",37.68985,122.4351,"I",217,1168.75,7596.875
"B16SBHL01",16,"B","11, 12, 13","Heterodermia","N","Y",19.5,1,21,18.5,14.5,1155,-70,"NE",37.68985,122.4351,"I",19.5,388.5,5633.25
"B16SBPP03",16,"B","15, 16","Parmotrema","N","Y",9.5,6,13,10,3.5,1155,-70,"NE",37.68985,122.4351,"I",57,130,455
"B16SBHL02",16,"B","17","Heterodermia","N","N",12,2,6,11,7.5,1155,-70,"NE",37.68985,122.4351,"I",24,66,495
"B16SBPP04",16,"B","19, 20, 21","Parmotrema","N","Y",10,6.5,18.5,16,5.5,1155,-70,"NE",37.68985,122.4351,"I",65,296,1628
"B16SBPP05",16,"B","22, 23, 24, 25, 26, 27","Parmotrema","N","Y",12.5,9.5,51.5,19.5,11,1155,-70,"NE",37.68985,122.4351,"I",118.75,1004.25,11046.75
"B16SBPP06",16,"B","27","Parmotrema","N","N",3.5,2.5,9,2,0.5,1155,-70,"NE",37.68985,122.4351,"I",8.75,18,9
"B17SAPA01",17,"A","4","Physcia","N","N",2,0.7,5.5,5.5,0.5,1141,-50,"SE",37.68979,122.43481,"I",1.4,30.25,15.125
"B17SAHL01",17,"A","13","Heterodermia","N","N",4.5,0.5,6.5,7,1,1141,-50,"SE",37.68979,122.43481,"I",2.25,45.5,45.5
"B17SAHL02",17,"A","16","Heterodermia","N","N",8.5,1,8,15.5,6,1141,-50,"SE",37.68979,122.43481,"I",8.5,124,744
"B17SAHL03",17,"A","20","Heterodermia","N","N",7,1,11.5,6,2,1141,-50,"SE",37.68979,122.43481,"I",7,69,138
"B17SBPP01",17,"B","3","Parmotrema","N","N",2.5,4,3.5,5.5,0.3,1141,-50,"SE",37.68979,122.43481,"I",10,19.25,5.775
"B17SBPP02",17,"B","5","Parmotrema","N","N",2,0.5,2.5,4,0.3,1141,-50,"SE",37.68979,122.43481,"I",1,10,3
"B17SBHL01",17,"B","14, 15, 16","Heterodermia","N","N",8,0.5,17,18,4.5,1141,-50,"SE",37.68979,122.43481,"I",4,306,1377
"B17SBPP03",17,"B","18, 19 ","Parmotrema","N","N",4,6.5,13.5,7,1.5,1141,-50,"SE",37.68979,122.43481,"I",26,94.5,141.75
"B17SBPP04",17,"B","21","Parmotrema","N","N",2.5,1.5,6,4.5,0.5,1141,-50,"SE",37.68979,122.43481,"I",3.75,27,13.5
"B17SBPP05",17,"B","22","Parmotrema","N","N",1.5,0.5,4.5,3,0.5,1141,-50,"SE",37.68979,122.43481,"I",0.75,13.5,6.75
"B17SBPA01",18,"B","24, 25","Physcia","N","Y",2,0.5,11.5,6,0.5,1141,-50,"SE",37.68979,122.43481,"I",1,69,34.5
"B17SA.1PP01",17,"A.1","1","Parmotrema","N","N",4,3.5,6,4,0.3,1141,-50,"SE",37.68979,122.43481,"I",14,24,7.2
"B17SA.1PA01",17,"A.1","2, 3","Physcia","N","Y",2.5,0.5,12,7,2,1141,-50,"SE",37.68979,122.43481,"I",1.25,84,168
"B17SA.1PA02",17,"A.1","4","Physcia","N","Y",2,0.5,4.5,4,1,1141,-50,"SE",37.68979,122.43481,"I",1,18,18
"B17SA.1PP02",17,"A.1","5, 6","Parmotrema","N","N",6,4,9.5,7.5,2.5,1141,-50,"SE",37.68979,122.43481,"I",24,71.25,178.125
"B17SA.2PP01",17,"A.2","4","Parmotrema","N","N",1.5,0.5,2.5,1.5,0.3,1141,-50,"SE",37.68979,122.43481,"I",0.75,3.75,1.125
"B17SA.2PP02",17,"A.2","9","Parmotrema","N","N",4.5,3,8.5,7,1,1141,-50,"SE",37.68979,122.43481,"I",13.5,59.5,59.5
"B17SA.2U_01",17,"A.2","13","Usnea","N","N",5,0.3,4.5,5.5,5.5,1141,-50,"SE",37.68979,122.43481,"I",1.5,24.75,136.125
"B18SAPP01",18,"A","1","Parmotrema","N","N",4.5,5.5,7.5,13,1.5,1128,-58,"SE",37.69,122.43439,"I",24.75,97.5,146.25
"B18SAPP02",18,"A","1, 2, 3","Parmotrema","N","N",11.5,8.5,17.5,11,1,1128,-58,"SE",37.69,122.43439,"I",97.75,192.5,192.5
"B18SAPP03",18,"A","5, 6, 7, 8","Parmotrema","N","Y",9,6,35,24,10,1128,-58,"SE",37.69,122.43439,"I",54,840,8400
"B18SAHL01",18,"A","6, 7","Heterodermia","N","Y",6,0.5,10.5,13.5,6,1128,-58,"SE",37.69,122.43439,"I",3,141.75,850.5
"B18SAPP04",18,"A","8, 9, 10, 11, 12, 13","Parmotrema","N","N",14,12.5,46.5,18,7,1128,-58,"SE",37.69,122.43439,"I",175,837,5859
"B18SAPP05",18,"A","13","Parmotrema","N","Y",2.5,3.5,8.5,10,2,1128,-58,"SE",37.69,122.43439,"I",8.75,85,170
"B18SAPA01",18,"A","13","Physcia","N","N",2,0.5,2.5,3.5,0.1,1128,-58,"SE",37.69,122.43439,"I",1,8.75,0.875
"B18SAPP06",18,"A","15, 16, 17","Parmotrema","N","Y",12,13,30.5,31,11.5,1128,-58,"SE",37.69,122.43439,"I",156,945.5,10873.25
"B18SAPP07",18,"A","18, 19","Physcia","N","N",2.5,2,14.5,8,0.2,1128,-58,"SE",37.69,122.43439,"I",5,116,23.2
"B18SAPP08",18,"A","20, 21","Parmotrema","N","N",6.5,7,12,12.5,2.5,1128,-58,"SE",37.69,122.43439,"I",45.5,150,375
"B18SBPP01",18,"B","1, 2","Parmotrema","N","N",9.5,7.5,6.5,7,2,1128,-58,"SE",37.69,122.43439,"I",71.25,45.5,91
"B18SBPP02",18,"B","5, 6, 7, 8","Parmotrema","N","Y",12.5,7.5,39,24.5,6.5,1128,-58,"SE",37.69,122.43439,"I",93.75,955.5,6210.75
"B18SBPP03",18,"B","9, 10, 11, 12, 13, 14","Parmotrema","N","N",16,11.5,59.5,19.5,6,1128,-58,"SE",37.69,122.43439,"I",184,1160.25,6961.5
"B18SBPP04",18,"B","15, 16, 17, 18","Parmotrema","N","Y",11.5,12.5,29,36,10.5,1128,-58,"SE",37.69,122.43439,"I",143.75,1044,10962
"B18SBPP05",18,"B","21, 22","Parmotrema","N","N",7,5,11,12,2,1128,-58,"SE",37.69,122.43439,"I",35,132,264
"B18SA.1HL01",18,"A.1","3, 4, 5, 6","Heterodermia","N","Y",11.5,1.5,18,12,11.5,1128,-58,"SE",37.69,122.43439,"I",17.25,216,2484
"B18SA.1PP01",18,"A.1","6, 7","Parmotrema","N","N",8.5,5,17,10.5,5,1128,-58,"SE",37.69,122.43439,"I",42.5,178.5,892.5
"B19SAPP01",19,"A","2, 3, 4, 5, 6, 7, 8, 9, 10, 11, 12, 13, 14, 15, 16, 17, 18, 19, 20, 21, 22, 23, 24","Parmotrema","N","Y",12.5,15.5,228.5,29.5,12.5,1120,-67,"E",37.69028,122.4342,"I",193.75,6740.75,84259.375
"B19SAU_01",19,"A","7, 8, 9","Usnea","N","Y",22.5,0.5,28,12.5,10.5,1120,-67,"E",37.69028,122.4342,"I",11.25,350,3675
"B19SAU_02",19,"A","11, 12, 13","Usnea","N","N",25,0.5,24.5,17,5.5,1120,-67,"E",37.69028,122.4342,"I",12.5,416.5,2290.75
"B19SATF01",19,"A","15, 16","Teloschistes","N","Y",21.5,0.5,23,15.5,12.5,1120,-67,"E",37.69028,122.4342,"I",10.75,356.5,4456.25
"B19SAU_03",20,"A","16","Usnea","N","Y",23.5,0.5,9,8,11,1120,-67,"E",37.69028,122.4342,"I",11.75,72,792
"B19SAU_04",19,"A","17","Usnea","N","Y",24,0.5,9.5,8.5,7.5,1120,-67,"E",37.69028,122.4342,"I",12,80.75,605.625
"B19SAU_05",19,"A","18","Usnea","N","Y",19,0.5,7.5,4.5,6.5,1120,-67,"E",37.69028,122.4342,"I",9.5,33.75,219.375
"B19SAHL01",19,"A","20","Heterodermia","N","N",14.5,1.5,5,5.5,8.5,1120,-67,"E",37.69028,122.4342,"I",21.75,27.5,233.75
"B19SAU_06",19,"A","21","Usnea","N","Y",22,0.7,16,24,10.5,1120,-67,"E",37.69028,122.4342,"I",15.4,384,4032
"B19SAPP02",19,"A","26, 27, 28, 29, 30","Parmotrema","N","Y",11.5,8.5,11,51.5,5.5,1120,-67,"E",37.69028,122.4342,"I",97.75,566.5,3115.75
"B19SBHL01",19,"B","1, 2, 3, 4, 5, 6, 7, 8, 9","Heterodermia","N","N",17.5,1.5,75.5,26.5,11.5,1120,-67,"E",37.69028,122.4342,"I",26.25,2000.75,23008.625
"B19SBPP01",19,"B","1, 2","Parmotrema","N","Y",9,10,13,22.5,3.5,1120,-67,"E",37.69028,122.4342,"I",90,292.5,1023.75
"B19SBPP02",19,"B","3, 4","Parmotrema","N","Y",12,9.5,16.5,20,8,1120,-67,"E",37.69028,122.4342,"I",114,330,2640
"B19SBPP03",19,"B","4, 5, 6","Parmotrema","N","N",10,4.5,17.5,18,2.5,1120,-67,"E",37.69028,122.4342,"I",45,315,787.5
"B19SBPP04",19,"B","6, 7, 8, 9, 10, 11, 12","Parmotrema","N","Y",20,11,52,32.5,14.5,1120,-67,"E",37.69028,122.4342,"I",220,1690,24505
"B19SBRF01",19,"B","10, 11, 12","Ramalina","N","Y",29,1,29,29.5,18,1120,-67,"E",37.69028,122.4342,"I",29,855.5,15399
"B19SBU_01",19,"B","13, 14","Usnea","N","Y",35,0.5,24,22,23,1120,-67,"E",37.69028,122.4342,"I",17.5,528,12144
"B19SBPP05",19,"B","12, 13, 14, 15, 16, 17, 18, 19, 20, 21","Parmotrema","N","Y",15.5,15,68.5,29,11,1120,-67,"E",37.69028,122.4342,"I",232.5,1986.5,21851.5
"B19SBHL02",19,"B","15, 16","Heterodermia","N","Y",11.5,1.5,9.5,14,4.5,1120,-67,"E",37.69028,122.4342,"I",17.25,133,598.5
"B19SBU_02",19,"B","17, 18, 19","Usnea","N","Y",18.5,0.5,17.5,19,8,1120,-67,"E",37.69028,122.4342,"I",9.25,332.5,2660
"B19SBU_03",19,"B","21, 22","Usnea","N","Y",20,0.5,14.5,16.5,12,1120,-67,"E",37.69028,122.4342,"I",10,239.25,2871
"B19SBPP06",19,"B","22, 23, 24, 25","Parmotrema","N","Y",12,9,34.5,20.5,9.5,1120,-67,"E",37.69028,122.4342,"I",108,707.25,6718.875
"B19SBPP07",19,"B","26","Parmotrema","N","N",8,7.5,13,12.5,3,1120,-67,"E",37.69028,122.4342,"I",60,162.5,487.5
"B19SA.1PP01",19,"A.1","1, 2, 3,4, 5, 6, 7","Parmotrema","Y","Y",10.5,13,61.5,27,18.5,1120,-67,"E",37.69028,122.4342,"I",136.5,1660.5,30719.25
"B19SA.1U_01",19,"A.1","1, 2","Usnea","N","Y",18,0.5,21.5,15,5.5,1120,-67,"E",37.69028,122.4342,"I",9,322.5,1773.75
"B19SA.1U_02",19,"A.1","4, 5, 6","Usnea","N","Y",25.5,0.7,22.5,14.5,18.5,1120,-67,"E",37.69028,122.4342,"I",17.85,326.25,6035.625
"B19SA.1U_03",19,"A.1","6, 7","Usnea","N","Y",19.5,0.5,16,8.5,10.5,1120,-67,"E",37.69028,122.4342,"I",9.75,136,1428
"B19SA.1PP02",19,"A.1","7, 8, 9, 10","Parmotrema","N","Y",5,5,22.5,7.5,2,1120,-67,"E",37.69028,122.4342,"I",25,168.75,337.5
"B19SB.1PP01",19,"B.1","1, 2, 3, 4, 5, 6, 7, 8, 9, 10, 11, 12","Parmotrema","N","Y",10,8,54,28.5,10,1120,-67,"E",37.69028,122.4342,"I",80,1539,15390
"B19SB.1U_01",19,"B.1","1, 2, 3, 4","Usnea","N","Y",36.5,1.3,27.5,32,24.5,1120,-67,"E",37.69028,122.4342,"I",47.45,880,21560
"B19SB.1U_02",19,"B.1","5, 6, 7","Usnea","N","Y",20,0.5,23,51,13,1120,-67,"E",37.69028,122.4342,"I",10,1173,15249
"B19SB.1HL01",19,"B.1","3, 4, 5","Heterodermia","N","Y",9.5,1,16,8.5,4.5,1120,-67,"E",37.69028,122.4342,"I",9.5,136,612
"B19SB.1U_03",19,"B.1","6, 7, 8, 9","Usnea","N","Y",33.5,0.7,48,35,13.5,1120,-67,"E",37.69028,122.4342,"I",23.45,1680,22680
"B19SB.1PP02",19,"B.1","14, 15, 16, 17, 18","Parmotrema","N","Y",6,11.5,41.5,10.5,5.5,1120,-67,"E",37.69028,122.4342,"I",69,435.75,2396.625
"B19SB.1HL02",19,"B.1","18, 19","Heterodermia","N","N",7,1,17,7.5,6,1120,-67,"E",37.69028,122.4342,"I",7,127.5,765
"B20SAPP01",20,"A","1, 2, 3, 4, 5, 6, 7","Parmotrema","Y","Y",11.5,10.5,58,34.5,13.5,1108,-57,"W",37.69046,122.43453,"I",120.75,2001,27013.5
"B20SAHL01",20,"A","2, 3, 4","Heterodermia","N","N",18.5,1,24,25,9.5,1108,-57,"W",37.69046,122.43453,"I",18.5,600,5700
"B20SAHL02",20,"A","5, 6, 7","Heterodermia","N","Y",15.5,1,32,14.5,11,1108,-57,"W",37.69046,122.43453,"I",15.5,464,5104
"B20SARF01",20,"A","8, 9 ","Ramalina","N","N",22.5,1,15,12,11.5,1108,-57,"W",37.69046,122.43453,"I",22.5,180,2070
"B20SAU_01",20,"A","8, 9","Usnea","N","Y",15.5,0.5,23.5,14,10.5,1108,-57,"W",37.69046,122.43453,"I",7.75,329,3454.5
"B20SAU_02",20,"A","9, 10, 11, 12","Usnea","N","Y",22,0.5,35,21.5,12.5,1108,-57,"W",37.69046,122.43453,"I",11,752.5,9406.25
"B20SAPP02",20,"A","9, 10","Parmotrema","N","N",6,4,12,9,2.5,1108,-57,"W",37.69046,122.43453,"I",24,108,270
"B20SAPP03",20,"A","11, 12","Parmotrema","N","Y",9,5,8,14.5,5.5,1108,-57,"W",37.69046,122.43453,"I",45,116,638
"B20SAU_02",20,"A","12","Usnea","N","Y",8,0.5,8,13.5,7.5,1108,-57,"W",37.69046,122.43453,"I",4,108,810
"B20SAHL03",20,"A","13, 14","Heterodermia","N","Y",11.5,1,17,24.5,5.5,1108,-57,"W",37.69046,122.43453,"I",11.5,416.5,2290.75
"B20SAU_03",20,"A","14, 15","Usnea","N","Y",19.5,0.5,15.5,18,11,1108,-57,"W",37.69046,122.43453,"I",9.75,279,3069
"B20SARF02",20,"A","14","Ramalina","N","Y",10,0.5,9,7.5,6.5,1108,-57,"W",37.69046,122.43453,"I",5,67.5,438.75
"B20SAU_04",20,"A","15, 16","Usnea","N","Y",21.5,0.5,22.5,23,12,1108,-57,"W",37.69046,122.43453,"I",10.75,517.5,6210
"B20SAPP04",20,"A","14, 15, 16","Parmotrema","N","N",10.5,10,31.5,9.5,5,1108,-57,"W",37.69046,122.43453,"I",105,299.25,1496.25
"B20SAHL04",20,"A","16, 17, 18, 19","Heterodermia","N","Y",10.5,1,39.5,32.5,12,1108,-57,"W",37.69046,122.43453,"I",10.5,1283.75,15405
"B20SAPP05",20,"A","19","Parmotrema","N","N",8,3.5,10,21.5,1.5,1108,-57,"W",37.69046,122.43453,"I",28,215,322.5
"B20SAHL05",20,"A","19, 20, 21","Heterodermia","N","N",5.5,1,28,10.5,4.5,1108,-57,"W",37.69046,122.43453,"I",5.5,294,1323
"B20SAU_05",20,"A","21","Usnea","N","N",10.5,0.3,8.5,5,1,1108,-57,"W",37.69046,122.43453,"I",3.15,42.5,42.5
"B20SAPP06",20,"A","21","Parmotrema","N","N",3.5,2.5,7,3,1,1108,-57,"W",37.69046,122.43453,"I",8.75,21,21
"B20SAPP07",20,"A","24","Parmotrema","N","N",3,2,4.5,5,0.3,1108,-57,"W",37.69046,122.43453,"I",6,22.5,6.75
"B20SAHL06",20,"A","24","Heterodermia","N","N",3.5,1,5.5,2,2.5,1108,-57,"W",37.69046,122.43453,"I",3.5,11,27.5
"B20SBPP01",20,"B","1, 2, 3, 4, 5, 6","Parmotrema","Y","Y",12,8,42,33,14,1108,-57,"W",37.69046,122.43453,"I",96,1386,19404
"B20SBHL01",20,"B","5, 6, 7","Heterodermia","N","Y",14,2,34.5,25.5,6.5,1108,-57,"W",37.69046,122.43453,"I",28,879.75,5718.375
"B20SBPP02",20,"B","7, 8","Parmotrema","N","Y",10,9.5,17.5,22.5,5.5,1108,-57,"W",37.69046,122.43453,"I",95,393.75,2165.625
"B20SBU_01",20,"B","7, 8, 9","Usnea","N","Y",28.5,0.7,31.5,19.5,7,1108,-57,"W",37.69046,122.43453,"I",19.95,614.25,4299.75
"B20SBU_02",20,"B","8, 9","Usnea","N","N",19.5,0.7,15,17,11.5,1108,-57,"W",37.69046,122.43453,"I",13.65,255,2932.5
"B20SBU_03",20,"B","10, 11","Usnea","N","Y",13,0.5,16,15.5,5.5,1108,-57,"W",37.69046,122.43453,"I",6.5,248,1364
"B20SBPP03",20,"B","8, 9, 10","Parmotrema","N","Y",8,8.5,16,12.5,6,1108,-57,"W",37.69046,122.43453,"I",68,200,1200
"B20SBU_04",20,"B","11, 12, 13","Usnea","N","Y",11,0.5,23,16,9,1108,-57,"W",37.69046,122.43453,"I",5.5,368,3312
"B20SBHL02",20,"B","11","Heterodermia","N","N",9,1,14.5,13.5,3.5,1108,-57,"W",37.69046,122.43453,"I",9,195.75,685.125
"B20SBPP04",20,"B","11, 12, 13","Parmotrema","N","Y",7.5,8,24.5,22.5,6,1108,-57,"W",37.69046,122.43453,"I",60,551.25,3307.5
"B20SBU_04",20,"B","13, 14, 15","Usnea","N","Y",19.5,0.7,25.5,31.5,12.5,1108,-57,"W",37.69046,122.43453,"I",13.65,803.25,10040.625
"B20SBPP05",20,"B","14, 15, 16, 17, 18","Parmotrema","N","Y",11,9,42,9,3.5,1108,-57,"W",37.69046,122.43453,"I",99,378,1323
"B20SBU_05",20,"B","15, 16, 17, 18, 19","Usnea","N","Y",15,0.5,32,12.5,11,1108,-57,"W",37.69046,122.43453,"I",7.5,400,4400
"B20SBU_06",20,"B","17, 18, 19, 20","Usnea","N","Y",25,0.5,29.5,34,15,1108,-57,"W",37.69046,122.43453,"I",12.5,1003,15045
"B20SBHL03",20,"B","19, 20","Heterodermia","N","Y",7,2.5,13,14.5,5,1108,-57,"W",37.69046,122.43453,"I",17.5,188.5,942.5
"B20SBPP06",20,"B","20, 21, 22, 23","Parmotrema","N","Y",5.5,6.5,40.5,15,4.5,1108,-57,"W",37.69046,122.43453,"I",35.75,607.5,2733.75
"B20SBPP07",20,"B","26","Parmotrema","N","N",2.5,3,6.8,8,0.5,1108,-57,"W",37.69046,122.43453,"I",7.5,54.4,27.2
"B20SBHL04",20,"B","26","Heterodermia","N","N",2.5,1,4.5,2.5,4,1108,-57,"W",37.69046,122.43453,"I",2.5,11.25,45
"B20SBHL05",20,"B","27","Heterodermia","N","N",5,1,8,10,3.5,1108,-57,"W",37.69046,122.43453,"I",5,80,280
"B20SA.1HL01",20,"A.1","1, 2, 3","Heterodermia","N","N",7.5,1,15.5,11,7.5,1108,-57,"W",37.69046,122.43453,"I",7.5,170.5,1278.75
"B20SA.1PP01",20,"A.1","2","Parmotrema","N","N",4.5,3.5,3.5,4,0.5,1108,-57,"W",37.69046,122.43453,"I",15.75,14,7
"B20SB.1HL01",20,"B.1","1, 2","Heterodermia","N","N",7,0.5,12,11,8,1108,-57,"W",37.69046,122.43453,"I",3.5,132,1056
"B20SB.1PP01",20,"B.1","1, 2, 3, 4","Parmotrema","N","Y",11.5,10,19,18,6.5,1108,-57,"W",37.69046,122.43453,"I",115,342,2223
"B20SB.1PP02",20,"B.1","3","Parmotrema","N","N",4,3.5,9.5,4.5,1,1108,-57,"W",37.69046,122.43453,"I",14,42.75,42.75
